id,columns_field_name,columns_datatype
u9wf-3gbt,name,Text
u9wf-3gbt,geomsource,Text
u9wf-3gbt,lststatype,Text
u9wf-3gbt,base_bbl,Text
u9wf-3gbt,mpluto_bbl,Text
u9wf-3gbt,globalid,Text
c23c-uwsm,cscl_version,Text
c23c-uwsm,physical_id,Text
5zhs-2jue,name,Text
5zhs-2jue,base_bbl,Text
5zhs-2jue,lststatype,Text
5zhs-2jue,mpluto_bbl,Text
5zhs-2jue,geomsource,Text
5zhs-2jue,globalid,Text
kerk-3eby,ratecodeid,Text
kerk-3eby,vendorid,Text
kerk-3eby,store_and_fwd_flag,Text
kerk-3eby,payment_type,Text
fvp3-gcb2,property_name,Text
fvp3-gcb2,fuel_oil_1_use_monthly_kbtu_,Text
fvp3-gcb2,fuel_oil_4_use_monthly_kbtu_,Text
fvp3-gcb2,natural_gas_use_kbtu,Text
fvp3-gcb2,fuel_oil_5_6_use_monthly_kbtu_,Text
fvp3-gcb2,month,Text
fvp3-gcb2,fuel_oil_2_use_monthly_kbtu_,Text
fvp3-gcb2,electricity_use_onsite_renewables_kbtu_,Text
fvp3-gcb2,parent_property_name,Text
fvp3-gcb2,electricity_use_grid_kbtu_,Text
fvp3-gcb2,electricity_use_kbtu,Text
fvp3-gcb2,district_steam_use_kbtu_,Text
fvp3-gcb2,parent_property_id,Text
6a2s-2t65,link_name,Text
6a2s-2t65,borough,Text
6a2s-2t65,polyline,Text
5ufr-wvc5,dispatching_base_num,Text
5ufr-wvc5,airport_fee,Text
5ufr-wvc5,shared_request_flag,Text
5ufr-wvc5,shared_match_flag,Text
5ufr-wvc5,access_a_ride_flag,Text
5ufr-wvc5,originating_base_num,Text
5ufr-wvc5,hvfhs_license_num,Text
5ufr-wvc5,wav_request_flag,Text
5ufr-wvc5,wav_match_flag,Text
uwyp-dntv,store_and_fwd_flag,Text
uwyp-dntv,payment_type,Text
uwyp-dntv,ratecodeid,Text
uwyp-dntv,vendorid,Text
vgi6-tcdb,sr_flag,Text
vgi6-tcdb,affiliated_base_number,Text
vgi6-tcdb,dispatching_base_num,Text
hn9i-dwpr,cmd_cd,Text
hn9i-dwpr,rpted_age,Text
hn9i-dwpr,race_desc,Text
hn9i-dwpr,evnt_key,Text
hn9i-dwpr,occur_tm,Text
hn9i-dwpr,veh_search_consent_flg,Text
hn9i-dwpr,veh_category,Text
hn9i-dwpr,sex_cd,Text
7dfh-3irt,locationid,Text
7dfh-3irt,dispatching_base_num,Text
ywip-y6qr,dispatching_base_num,Text
ywip-y6qr,sr_flag,Text
ywip-y6qr,affiliated_base_number,Text
5gq7-rgmv,county,Text
5gq7-rgmv,soundex,Text
5gq7-rgmv,last_name,Text
5gq7-rgmv,day,Text
5gq7-rgmv,first_name,Text
5gq7-rgmv,month,Text
5gq7-rgmv,year,Text
5gq7-rgmv,number,Text
74wj-s5ij,ratecodeid,Text
74wj-s5ij,payment_type,Text
74wj-s5ij,store_and_fwd_flag,Text
74wj-s5ij,vendorid,Text
pxzj-y6s8,name,Text
pxzj-y6s8,completed_both_training,Text
pxzj-y6s8,last_time_updated,Text
pxzj-y6s8,type,Text
c4dx-tk4d,name,Text
c4dx-tk4d,completed_both,Text
c4dx-tk4d,last_time_updated,Text
c4dx-tk4d,type,Text
3y4p-uusw,sample_time,Text
3y4p-uusw,status,Text
3y4p-uusw,site,Text
3y4p-uusw,units,Text
3y4p-uusw,reservoir,Text
3y4p-uusw,sample_id,Text
3y4p-uusw,analyte,Text
3y4p-uusw,final_result,Text
rmhc-afj9,physical_id,Text
6uh5-5j7x,analyte,Text
6uh5-5j7x,sample_id,Text
6uh5-5j7x,qualifier,Text
6uh5-5j7x,sample_site,Text
wcg2-rbkn,units,Text
wcg2-rbkn,status,Text
wcg2-rbkn,sample_time,Text
wcg2-rbkn,final_result,Text
wcg2-rbkn,sample_site,Text
wcg2-rbkn,aqueduct_group,Text
wcg2-rbkn,sample_id,Text
wcg2-rbkn,analyte,Text
j62e-7maa,last_name,Text
j62e-7maa,day,Text
j62e-7maa,soundex,Text
j62e-7maa,month,Text
j62e-7maa,county,Text
j62e-7maa,first_name,Text
j62e-7maa,number,Text
j62e-7maa,year,Text
t7ny-aygi,vendorid,Text
t7ny-aygi,store_and_fwd_flag,Text
t7ny-aygi,payment_type,Text
t7ny-aygi,ratecodeid,Text
hphy-6g7m,requeststatus,Text
hphy-6g7m,propertyzip,Text
hphy-6g7m,applicationtype,Text
hphy-6g7m,propertyborough,Text
hphy-6g7m,permitnumber,Text
xjtr-h2x2,last_time_updated,Text
xjtr-h2x2,type,Text
xjtr-h2x2,completed_both_training,Text
xjtr-h2x2,name,Text
paab-n3s5,date_account_period_ends,Text
paab-n3s5,amount_discount_early_pay,Text
paab-n3s5,transaction_records_counter,Text
paab-n3s5,tax_class,Text
paab-n3s5,id_account,Text
paab-n3s5,amount_collections,Text
paab-n3s5,block,Text
paab-n3s5,status,Text
paab-n3s5,amount_balance,Text
paab-n3s5,amount_initial_total,Text
paab-n3s5,amount_liability,Text
paab-n3s5,building_class,Text
paab-n3s5,date_grace_period_end,Text
paab-n3s5,date_account_period_begins,Text
paab-n3s5,date_penalty_and_interest,Text
paab-n3s5,date_due_period,Text
paab-n3s5,lot,Text
paab-n3s5,date_update,Text
paab-n3s5,easement,Text
paab-n3s5,borough,Text
paab-n3s5,id_internal,Text
paab-n3s5,account_type,Text
paab-n3s5,record_type,Text
9uxf-ng6q,status,Text
u253-aew4,shared_request_flag,Text
u253-aew4,dispatching_base_num,Text
u253-aew4,hvfhs_license_num,Text
u253-aew4,shared_match_flag,Text
u253-aew4,wav_request_flag,Text
u253-aew4,originating_base_num,Text
u253-aew4,access_a_ride_flag,Text
e3xf-jwmj,status,Text
e3xf-jwmj,units,Text
e3xf-jwmj,stream_group,Text
e3xf-jwmj,final_result,Text
e3xf-jwmj,sample_time,Text
e3xf-jwmj,analyte,Text
e3xf-jwmj,sample_id,Text
e3xf-jwmj,sample_site,Text
a444-au9b,affiliated_base_number,Text
a444-au9b,sr_flag,Text
a444-au9b,dispatching_base_num,Text
a5nd-6mit,chg_tp,Text
a5nd-6mit,parid,Text
a5nd-6mit,taxyr,Text
a5nd-6mit,excode,Text
a5nd-6mit,period,Text
fpxc-zjtm,meeting_type,Text
fpxc-zjtm,proponent,Text
fpxc-zjtm,system,Text
fpxc-zjtm,company_name,Text
fpxc-zjtm,ticker,Text
fpxc-zjtm,country,Text
fpxc-zjtm,primary_isin,Text
fpxc-zjtm,primary_sedol,Text
fpxc-zjtm,provider_security_id,Text
fpxc-zjtm,proposal_number,Text
fpxc-zjtm,proposal_text,Text
fpxc-zjtm,vote_instruction,Text
fpxc-zjtm,vote_against_management,Text
u6nh-b56h,dispatching_base_num,Text
u6nh-b56h,sr_flag,Text
m3yx-mvk4,affiliated_base_number,Text
m3yx-mvk4,sr_flag,Text
m3yx-mvk4,dispatching_base_num,Text
irs3-wn2g,commodity,Text
irs3-wn2g,vendor_name,Text
797j-9xvg,county,Text
797j-9xvg,last_name,Text
797j-9xvg,first_name,Text
797j-9xvg,month,Text
797j-9xvg,number,Text
797j-9xvg,soundex,Text
797j-9xvg,day,Text
797j-9xvg,age,Text
wag2-kf63,feature,Text
wag2-kf63,findings,Text
wag2-kf63,results,Text
wag2-kf63,feature_category,Text
wag2-kf63,action,Text
pbk5-6r7z,stipulationfulltext,Text
pbk5-6r7z,permitnumber,Text
pbk5-6r7z,stipulationid,Text
yini-w76t,locationid,Text
yini-w76t,dispatching_base_num,Text
5mma-5n3h,rating,Text
5mma-5n3h,feature_1,Text
5mma-5n3h,ia,Text
g6pj-fsah,dispatching_base_num,Text
g6pj-fsah,hvfhs_license_num,Text
g6pj-fsah,originating_base_num,Text
g6pj-fsah,access_a_ride_flag,Text
g6pj-fsah,shared_request_flag,Text
g6pj-fsah,wav_request_flag,Text
g6pj-fsah,wav_match_flag,Text
g6pj-fsah,shared_match_flag,Text
c9sj-fmsg,permitteename,Text
c9sj-fmsg,tostreetname,Text
c9sj-fmsg,fromstreetname,Text
c9sj-fmsg,onstreetname,Text
c9sj-fmsg,oftcode,Text
c9sj-fmsg,applicationtrackingid,Text
c9sj-fmsg,applicationtypeshortdesc,Text
c9sj-fmsg,permitnumber,Text
c9sj-fmsg,permittypeid,Text
c9sj-fmsg,nextpermitnumber,Text
c9sj-fmsg,previouspermitnumber,Text
c9sj-fmsg,equipmenttypedesc,Text
c9sj-fmsg,sequencenumber,Text
c9sj-fmsg,specificstipulations,Text
c9sj-fmsg,sidewalkshortdesc,Text
c9sj-fmsg,pavementshortdesc,Text
c9sj-fmsg,permithousenumber,Text
c9sj-fmsg,permitseriesid,Text
c9sj-fmsg,boroughname,Text
c9sj-fmsg,permittypedesc,Text
c9sj-fmsg,permitstatusid,Text
c9sj-fmsg,permitstatusshortdesc,Text
c9sj-fmsg,permitseriesshortdesc,Text
c9sj-fmsg,permitlocationcomments,Text
c9sj-fmsg,permitpurposecomments,Text
erdf-2akx,polyline,Text
erdf-2akx,borough,Text
erdf-2akx,link_name,Text
kpv8-upnp,type,Text
kpv8-upnp,completed_both_training,Text
kpv8-upnp,last_time_updated,Text
kpv8-upnp,name,Text
bme5-7ty4,juris_cd,Text
bme5-7ty4,evnt_key,Text
bme5-7ty4,chg_law_cd,Text
bme5-7ty4,violation_time,Text
bme5-7ty4,city_nm,Text
bme5-7ty4,violation_code,Text
bme5-7ty4,veh_category,Text
f9tw-8p66,ratecodeid,Text
f9tw-8p66,store_and_fwd_flag,Text
f9tw-8p66,payment_type,Text
f9tw-8p66,vendorid,Text
qmh3-uvgq,tow_y_n,Text
qmh3-uvgq,boot_date,Text
qmh3-uvgq,judgment_amount,Text
qmh3-uvgq,auction_amount,Text
qmh3-uvgq,type,Text
qmh3-uvgq,redemption_date,Text
qmh3-uvgq,case_number,Text
qmh3-uvgq,auctioned_y_n,Text
qmh3-uvgq,auction_date,Text
qmh3-uvgq,total_amount_collected,Text
qmh3-uvgq,total_amount_owed,Text
qmh3-uvgq,plate,Text
qmh3-uvgq,case_status,Text
qmh3-uvgq,tow_date,Text
qmh3-uvgq,redeemed_y_n,Text
qmh3-uvgq,state,Text
avz8-mqzz,sr_flag,Text
avz8-mqzz,dispatching_base_num,Text
avz8-mqzz,dropoff_datetime,Text
t5n6-gx8c,direction,Text
t5n6-gx8c,stop,Text
t5n6-gx8c,route,Text
t5n6-gx8c,typeday,Text
am94-epxh,dispatching_base_num,Text
thut-5mdg,cap_id_desc,Text
thut-5mdg,proj_fund_source,Text
thut-5mdg,bc_desc,Text
thut-5mdg,bc,Text
thut-5mdg,exp_type,Text
thut-5mdg,agy_code,Text
thut-5mdg,obj_code,Text
thut-5mdg,cap_id,Text
thut-5mdg,u_a_desc,Text
thut-5mdg,pub_dt,Text
thut-5mdg,obj_desc,Text
thut-5mdg,vendor,Text
thut-5mdg,u_a_code,Text
thut-5mdg,doc_id,Text
thut-5mdg,obj_type,Text
thut-5mdg,agy_name,Text
thut-5mdg,contract_id,Text
4pt5-3vv4,swlocationrating,Text
4pt5-3vv4,swtotaltrees,Text
4pt5-3vv4,treepointglobalid,Text
4pt5-3vv4,servicerequestglobalid,Text
4pt5-3vv4,inspectiontype,Text
4pt5-3vv4,treepointdbh,Text
4pt5-3vv4,reinspectiondate,Text
4pt5-3vv4,inspectiondate,Text
4pt5-3vv4,parentinspectionglobalid,Text
4pt5-3vv4,geometry,Text
4pt5-3vv4,plantingspaceglobalid,Text
4pt5-3vv4,swclearancerating,Text
4pt5-3vv4,swtreeconditionrating,Text
4pt5-3vv4,swratingtotal,Text
4pt5-3vv4,swdamagedflagstonesrating,Text
4pt5-3vv4,closeddate,Text
4pt5-3vv4,updateddate,Text
4pt5-3vv4,swdamagerating,Text
4pt5-3vv4,createddate,Text
4pt5-3vv4,inspectionstatus,Text
4pt5-3vv4,inspectiontpcondition,Text
4pt5-3vv4,inspectiontpstructure,Text
4pt5-3vv4,globalid,Text
gsgx-6efw,stipulationfulltext,Text
gsgx-6efw,permitnumber,Text
gsgx-6efw,stipulationid,Text
scjx-j6np,prioryear,Text
scjx-j6np,rolltype,Text
scjx-j6np,rectype,Text
scjx-j6np,act_install,Text
scjx-j6np,city_owned_flag,Text
scjx-j6np,int_agree,Text
scjx-j6np,hi_lo_int,Text
scjx-j6np,luc,Text
scjx-j6np,taxyear,Text
scjx-j6np,prior_owner_flag,Text
scjx-j6np,id_block,Text
scjx-j6np,code,Text
scjx-j6np,account_id,Text
scjx-j6np,cycle,Text
scjx-j6np,accode,Text
scjx-j6np,parid,Text
scjx-j6np,projno,Text
scjx-j6np,valclass,Text
scjx-j6np,trans_ctr,Text
scjx-j6np,pet_ind,Text
scjx-j6np,type_acct,Text
scjx-j6np,id_lot,Text
tap2-dwrw,question,Text
tap2-dwrw,answer,Text
tap2-dwrw,survey_language,Text
tap2-dwrw,survey_status,Text
tap2-dwrw,data_source,Text
rgyu-ii48,tenantstat,Text
rgyu-ii48,tenant,Text
rgyu-ii48,cybegdt,Text
rgyu-ii48,taxyr,Text
rgyu-ii48,condoid,Text
rgyu-ii48,unit_elig,Text
rgyu-ii48,coop_elig,Text
rgyu-ii48,period,Text
rgyu-ii48,appl_id,Text
rgyu-ii48,coopid,Text
rgyu-ii48,cyenddt,Text
rgyu-ii48,appstat,Text
rgyu-ii48,caseno,Text
rgyu-ii48,cert1434flg,Text
rgyu-ii48,renew_stat,Text
rgyu-ii48,owner_stat,Text
rgyu-ii48,tcsubcode,Text
rgyu-ii48,tccode,Text
rgyu-ii48,parid,Text
2yzn-sicd,rate_code,Text
2yzn-sicd,vendor_id,Text
2yzn-sicd,payment_type,Text
2yzn-sicd,store_and_fwd_flag,Text
dnpx-dfnc,metric_variable_name,Text
dnpx-dfnc,school_type,Text
dnpx-dfnc,report_type,Text
dnpx-dfnc,dbn,Text
dnpx-dfnc,metric_display_name,Text
dnpx-dfnc,school_name,Text
259a-b6s7,globalid,Text
259a-b6s7,workorderglobalid,Text
259a-b6s7,radefectlocation,Text
259a-b6s7,createddate,Text
259a-b6s7,radefect,Text
259a-b6s7,inspectionglobalid,Text
ub9z-gccp,trl_req,Text
ub9z-gccp,par_updatecount,Text
ub9z-gccp,trl_desc,Text
ub9z-gccp,trl_avgprice,Text
ub9z-gccp,trl_store,Text
ub9z-gccp,trl_event,Text
ub9z-gccp,trl_type,Text
ub9z-gccp,par_udfchar02,Text
ub9z-gccp,par_notused,Text
ub9z-gccp,trl_act,Text
ub9z-gccp,par_laststatusupdate,Text
ub9z-gccp,trl_attach,Text
ub9z-gccp,par_desc,Text
ub9z-gccp,par_sqlidentity,Text
ub9z-gccp,par_updated,Text
ub9z-gccp,par_udfchar01,Text
ub9z-gccp,par_created,Text
ub9z-gccp,par_uom,Text
ub9z-gccp,par_code,Text
ub9z-gccp,trl_bin,Text
ub9z-gccp,trl_created,Text
ub9z-gccp,trl_line,Text
ub9z-gccp,trl_updated,Text
ub9z-gccp,trl_part,Text
ub9z-gccp,trl_reqline,Text
ub9z-gccp,par_class,Text
ub9z-gccp,trl_date,Text
ub9z-gccp,trl_qty,Text
4fwc-j3vn,dirtravel,Text
4fwc-j3vn,direction,Text
4fwc-j3vn,yearmonth,Text
kevu-8hby,o_protst,Text
kevu-8hby,bldgcl,Text
kevu-8hby,delchg,Text
kevu-8hby,owner,Text
kevu-8hby,exmtcl,Text
kevu-8hby,district,Text
kevu-8hby,corner,Text
kevu-8hby,yrb_flag,Text
kevu-8hby,l_acre,Text
kevu-8hby,hnum_lo,Text
kevu-8hby,status2,Text
kevu-8hby,protest,Text
kevu-8hby,cbn_txcl,Text
kevu-8hby,hnum_hi,Text
kevu-8hby,irreg,Text
kevu-8hby,bld_var,Text
kevu-8hby,condo_s3,Text
kevu-8hby,bble,Text
kevu-8hby,ext,Text
kevu-8hby,txcl,Text
kevu-8hby,ease,Text
kevu-8hby,zoning,Text
kevu-8hby,o_txcl,Text
kevu-8hby,condo_s1,Text
kevu-8hby,protest2,Text
kevu-8hby,ex_inds,Text
kevu-8hby,condo_a,Text
kevu-8hby,ap_ease,Text
kevu-8hby,str_name,Text
kevu-8hby,reuc,Text
kevu-8hby,aptno,Text
bdjm-n7q4,wowoodremains,Text
bdjm-n7q4,nta,Text
bdjm-n7q4,recommendedspecies,Text
bdjm-n7q4,woproject,Text
bdjm-n7q4,projstartdate,Text
bdjm-n7q4,createddate,Text
bdjm-n7q4,canceldate,Text
bdjm-n7q4,geometry,Text
bdjm-n7q4,globalid,Text
bdjm-n7q4,treepointglobalid,Text
bdjm-n7q4,crossstreet1,Text
bdjm-n7q4,woequipment,Text
bdjm-n7q4,sanitationremovaldate,Text
bdjm-n7q4,sanitationassigneddate,Text
bdjm-n7q4,cancelreason,Text
bdjm-n7q4,parkname,Text
bdjm-n7q4,actualfinishdate,Text
bdjm-n7q4,locationdetails,Text
bdjm-n7q4,streetname,Text
bdjm-n7q4,buildingnumber,Text
bdjm-n7q4,wotype,Text
bdjm-n7q4,updateddate,Text
bdjm-n7q4,closeddate,Text
bdjm-n7q4,crewglobalid,Text
bdjm-n7q4,inspectionglobalid,Text
bdjm-n7q4,crossstreet2,Text
bdjm-n7q4,sanitationzone,Text
bdjm-n7q4,wocategory,Text
bdjm-n7q4,parkzone,Text
bdjm-n7q4,wocontract,Text
bdjm-n7q4,boroughcode,Text
bdjm-n7q4,woentity,Text
bdjm-n7q4,plantingspaceglobalid,Text
bdjm-n7q4,wostatus,Text
bdjm-n7q4,wowireconflict,Text
bdjm-n7q4,sanitationupdateddate,Text
bdjm-n7q4,wopriority,Text
4p5c-cbgn,dispatching_base_num,Text
4p5c-cbgn,hvfhs_license_num,Text
9fnm-j6if,permitnumber,Text
9fnm-j6if,feetype,Text
q5mz-t52e,store_and_fwd_flag,Text
q5mz-t52e,ehail_fee,Text
q5mz-t52e,congestion_surcharge,Text
qp3b-zxtp,store_and_fwd_flag,Text
m8p6-tp4b,zoning,Text
m8p6-tp4b,district,Text
m8p6-tp4b,condo_s3,Text
m8p6-tp4b,ease,Text
m8p6-tp4b,ap_ease,Text
m8p6-tp4b,bble,Text
m8p6-tp4b,condo_a,Text
m8p6-tp4b,yrb_flag,Text
m8p6-tp4b,protest2,Text
m8p6-tp4b,bld_var,Text
m8p6-tp4b,exmtcl,Text
m8p6-tp4b,delchg,Text
m8p6-tp4b,ex_inds,Text
m8p6-tp4b,str_name,Text
m8p6-tp4b,irreg,Text
m8p6-tp4b,bldgcl,Text
m8p6-tp4b,aptno,Text
m8p6-tp4b,o_txcl,Text
m8p6-tp4b,reuc,Text
m8p6-tp4b,condo_s1,Text
m8p6-tp4b,applic2,Text
m8p6-tp4b,hnum_lo,Text
m8p6-tp4b,ext,Text
m8p6-tp4b,cbn_txcl,Text
m8p6-tp4b,o_protst,Text
m8p6-tp4b,hnum_hi,Text
m8p6-tp4b,protest,Text
m8p6-tp4b,txcl,Text
m8p6-tp4b,corner,Text
m8p6-tp4b,owner,Text
m8p6-tp4b,l_acre,Text
qt6m-xctn,sign_x_coord,Text
qt6m-xctn,sheeting_type,Text
qt6m-xctn,sign_code,Text
qt6m-xctn,sign_notes,Text
qt6m-xctn,arrow_direction,Text
qt6m-xctn,sign_description,Text
qt6m-xctn,order_type,Text
qt6m-xctn,order_number,Text
qt6m-xctn,to_street_suffix,Text
qt6m-xctn,on_street,Text
qt6m-xctn,from_street,Text
qt6m-xctn,side_of_street,Text
qt6m-xctn,support,Text
qt6m-xctn,sign_size,Text
qt6m-xctn,facing_direction,Text
qt6m-xctn,sign_y_coord,Text
qt6m-xctn,record_type,Text
qt6m-xctn,borough,Text
qt6m-xctn,sign_location,Text
qt6m-xctn,on_street_suffix,Text
qt6m-xctn,from_street_suffix,Text
qt6m-xctn,to_street,Text
cj3v-xdpd,permitnumber,Text
cj3v-xdpd,permitrelatedagencydesc,Text
cj3v-xdpd,relatedpermitnumber,Text
gkne-dk5s,payment_type,Text
gkne-dk5s,rate_code,Text
gkne-dk5s,store_and_fwd_flag,Text
gkne-dk5s,vendor_id,Text
xzj8-i3jk,boo_trade,Text
xzj8-i3jk,boo_correction,Text
xzj8-i3jk,boo_misc,Text
xzj8-i3jk,boo_octype,Text
xzj8-i3jk,boo_act,Text
xzj8-i3jk,boo_desc,Text
xzj8-i3jk,boo_off,Text
xzj8-i3jk,boo_hours,Text
xzj8-i3jk,boo_rate,Text
xzj8-i3jk,boo_jecategory,Text
xzj8-i3jk,boo_on,Text
xzj8-i3jk,boo_sqlidentity,Text
xzj8-i3jk,boo_date,Text
xzj8-i3jk,boo_cost,Text
xzj8-i3jk,boo_entered,Text
xzj8-i3jk,boo_jesource,Text
869v-vr48,issuer_command,Text
869v-vr48,issuer_squad,Text
869v-vr48,violation_in_front_of_or,Text
869v-vr48,house_number,Text
869v-vr48,street_name,Text
869v-vr48,intersecting_street,Text
869v-vr48,sub_division,Text
869v-vr48,days_parking_in_effect,Text
869v-vr48,to_hours_in_effect,Text
869v-vr48,vehicle_color,Text
869v-vr48,vehicle_year,Text
869v-vr48,meter_number,Text
869v-vr48,violation_post_code,Text
869v-vr48,violation_description,Text
869v-vr48,no_standing_or_stopping,Text
869v-vr48,from_hours_in_effect,Text
869v-vr48,violation_legal_code,Text
869v-vr48,plate_id,Text
869v-vr48,registration_state,Text
869v-vr48,plate_type,Text
869v-vr48,violation_county,Text
869v-vr48,violation_time,Text
869v-vr48,issuing_agency,Text
869v-vr48,double_parking_violation,Text
869v-vr48,hydrant_violation,Text
869v-vr48,time_first_observed,Text
869v-vr48,vehicle_body_type,Text
869v-vr48,vehicle_make,Text
7mxj-7a6y,from_hours_in_effect,Text
7mxj-7a6y,to_hours_in_effect,Text
7mxj-7a6y,registration_state,Text
7mxj-7a6y,vehicle_make,Text
7mxj-7a6y,vehicle_body_type,Text
7mxj-7a6y,issuing_agency,Text
7mxj-7a6y,plate_type,Text
7mxj-7a6y,plate_id,Text
7mxj-7a6y,double_parking_violation,Text
7mxj-7a6y,street_name,Text
7mxj-7a6y,issuer_squad,Text
7mxj-7a6y,meter_number,Text
7mxj-7a6y,violation_in_front_of_or,Text
7mxj-7a6y,issuer_command,Text
7mxj-7a6y,intersecting_street,Text
7mxj-7a6y,violation_post_code,Text
7mxj-7a6y,violation_description,Text
7mxj-7a6y,hydrant_violation,Text
7mxj-7a6y,no_standing_or_stopping,Text
7mxj-7a6y,violation_legal_code,Text
7mxj-7a6y,vehicle_color,Text
7mxj-7a6y,sub_division,Text
7mxj-7a6y,time_first_observed,Text
7mxj-7a6y,violation_time,Text
7mxj-7a6y,violation_county,Text
7mxj-7a6y,house_number,Text
7mxj-7a6y,days_parking_in_effect,Text
hn5i-inap,geometry,Text
hn5i-inap,riskratingdate,Text
hn5i-inap,stumpdiameter,Text
hn5i-inap,riskrating,Text
hn5i-inap,updateddate,Text
hn5i-inap,globalid,Text
hn5i-inap,tpcondition,Text
hn5i-inap,planteddate,Text
hn5i-inap,plantingspaceglobalid,Text
hn5i-inap,genusspecies,Text
hn5i-inap,createddate,Text
hn5i-inap,tpstructure,Text
8sdw-8vja,evt_priority,Text
8sdw-8vja,evt_target,Text
8sdw-8vja,evt_reported,Text
8sdw-8vja,evt_udfchkbox01,Text
8sdw-8vja,evt_printed,Text
8sdw-8vja,evt_sqlidentity,Text
8sdw-8vja,evt_ppm,Text
8sdw-8vja,evt_due,Text
8sdw-8vja,evt_perioduom,Text
8sdw-8vja,evt_completed_trunc,Text
8sdw-8vja,evt_udfchar15,Text
8sdw-8vja,evt_updated,Text
8sdw-8vja,evt_udfnum01,Text
8sdw-8vja,evt_completed,Text
8sdw-8vja,evt_udfchar16,Text
8sdw-8vja,evt_created,Text
8sdw-8vja,evt_udfchkbox03,Text
8sdw-8vja,evt_udfchar08,Text
8sdw-8vja,evt_udfchar03,Text
8sdw-8vja,evt_isstype,Text
8sdw-8vja,evt_type,Text
8sdw-8vja,evt_udfchar04,Text
8sdw-8vja,evt_safety,Text
8sdw-8vja,evt_warranty,Text
8sdw-8vja,evt_class,Text
8sdw-8vja,evt_udfchar01,Text
8sdw-8vja,evt_udfchar02,Text
8sdw-8vja,evt_udfchar06,Text
8sdw-8vja,evt_udfchkbox05,Text
8sdw-8vja,evt_udfnum02,Text
8sdw-8vja,evt_udfchar14,Text
8sdw-8vja,evt_parent,Text
8sdw-8vja,evt_date,Text
8sdw-8vja,evt_udfchkbox02,Text
8sdw-8vja,evt_obtype,Text
8sdw-8vja,evt_mrc,Text
8sdw-8vja,evt_desc,Text
8sdw-8vja,evt_reopened,Text
8sdw-8vja,evt_udfchar12,Text
8sdw-8vja,evt_udfchar13,Text
8sdw-8vja,evt_schedend,Text
8sdw-8vja,evt_start,Text
8sdw-8vja,evt_reqm,Text
8sdw-8vja,evt_duration,Text
8sdw-8vja,evt_object,Text
8sdw-8vja,evt_standwork,Text
8sdw-8vja,evt_jobtype,Text
8sdw-8vja,evt_freq,Text
8sdw-8vja,evt_udfchkbox04,Text
8sdw-8vja,evt_udfchar10,Text
8sdw-8vja,evt_multiequip,Text
8sdw-8vja,evt_route,Text
8sdw-8vja,evt_udfchar11,Text
8sdw-8vja,evt_udfchar05,Text
quxm-hmyr,phone_status_date,Text
quxm-hmyr,address,Text
quxm-hmyr,phone_status,Text
quxm-hmyr,bin,Text
quxm-hmyr,boro,Text
quxm-hmyr,wifi_status,Text
quxm-hmyr,unique_id,Text
quxm-hmyr,longitude,Text
quxm-hmyr,status,Text
quxm-hmyr,geocoded_column_city,Text
quxm-hmyr,tablet_status_date,Text
quxm-hmyr,cross_street_2,Text
quxm-hmyr,cross_street_1,Text
quxm-hmyr,community_board,Text
quxm-hmyr,council_district,Text
quxm-hmyr,census_tract,Text
quxm-hmyr,latitude,Text
quxm-hmyr,install_date,Text
quxm-hmyr,ppt_id,Text
quxm-hmyr,state,Text
quxm-hmyr,bbl,Text
quxm-hmyr,wifi_status_date,Text
quxm-hmyr,city,Text
quxm-hmyr,geocoded_column_address,Text
quxm-hmyr,corner,Text
quxm-hmyr,active_date,Text
quxm-hmyr,tablet_status,Text
quxm-hmyr,geocoded_column_zip,Text
quxm-hmyr,geocoded_column_state,Text
quxm-hmyr,generated_on,Text
quxm-hmyr,nta,Text
quxm-hmyr,site_id,Text
quxm-hmyr,zip,Text
psx2-aqx3,nta_08,Text
psx2-aqx3,politicalparty_11,Text
psx2-aqx3,nta_18,Text
psx2-aqx3,nta_17,Text
psx2-aqx3,politicalparty_12,Text
psx2-aqx3,politicalparty_17,Text
psx2-aqx3,politicalparty_14,Text
psx2-aqx3,politicalparty_16,Text
psx2-aqx3,nta_15,Text
psx2-aqx3,politicalparty_15,Text
psx2-aqx3,nta_14,Text
psx2-aqx3,nta_13,Text
psx2-aqx3,politicalparty_13,Text
psx2-aqx3,nta_12,Text
psx2-aqx3,nta_16,Text
psx2-aqx3,nta_10,Text
psx2-aqx3,politicalparty_10,Text
psx2-aqx3,nta_09,Text
psx2-aqx3,politicalparty_18,Text
psx2-aqx3,politicalparty_08,Text
psx2-aqx3,politicalparty_09,Text
psx2-aqx3,nta_11,Text
kwte-dppd,signname,Text
kwte-dppd,sector_desc,Text
kwte-dppd,nnpw,Text
kwte-dppd,daily_task_activity_id,Text
kwte-dppd,sector_name,Text
kwte-dppd,sector,Text
kwte-dppd,gispropnum,Text
kwte-dppd,dumping,Text
kwte-dppd,animal_waste,Text
kwte-dppd,overlap_flag,Text
kwte-dppd,fiscal_qtr,Text
kwte-dppd,ncpw,Text
kwte-dppd,ncsa,Text
kwte-dppd,off_route,Text
kwte-dppd,medical_waste,Text
kwte-dppd,district,Text
kwte-dppd,fiscal_day,Text
kwte-dppd,njtp,Text
kwte-dppd,ncrew,Text
kwte-dppd,daily_task_id,Text
kwte-dppd,fiscal_week,Text
kwte-dppd,propid,Text
kwte-dppd,graffiti,Text
kwte-dppd,broken_glass,Text
kwte-dppd,napsw,Text
kwte-dppd,nhours,Text
kwte-dppd,activity,Text
kwte-dppd,fixed_post,Text
k7b3-4y4m,license_number,Text
k7b3-4y4m,name,Text
k7b3-4y4m,completed_both_training,Text
k7b3-4y4m,type,Text
k7b3-4y4m,last_updated_time,Text
djnb-wcxt,ehail_fee,Text
djnb-wcxt,store_and_fwd_flag,Text
ghpb-fpea,store_and_fwd_flag,Text
ghpb-fpea,vendorid,Text
yrt9-58g8,hvfhs_license_num,Text
yrt9-58g8,dispatching_base_num,Text
2np7-5jsg,store_and_fwd_flag,Text
2np7-5jsg,vendorid,Text
4b4i-vvec,store_and_fwd_flag,Text
d6zx-ckhd,radio_code,Text
d6zx-ckhd,incident_time,Text
d6zx-ckhd,patrl_boro_nm,Text
d6zx-ckhd,typ_desc,Text
d6zx-ckhd,cip_jobs,Text
d6zx-ckhd,boro_nm,Text
2nwg-uqyg,mod_zcta,Text
sv2w-rv3k,summons_key,Text
sv2w-rv3k,offense_description,Text
sv2w-rv3k,law_section_number,Text
sv2w-rv3k,age_group,Text
sv2w-rv3k,boro,Text
sv2w-rv3k,race,Text
sv2w-rv3k,law_description,Text
sv2w-rv3k,sex,Text
sv2w-rv3k,summons_category_type,Text
qdq3-9eqn,install_type,Text
qdq3-9eqn,sensor_id,Text
qdq3-9eqn,ntacode,Text
qdq3-9eqn,year,Text
qdq3-9eqn,borough,Text
pvkv-25ck,agent_name,Text
pvkv-25ck,agent_website_address,Text
pvkv-25ck,agent_address,Text
pvkv-25ck,agent_number,Text
pvkv-25ck,model_year,Text
pvkv-25ck,vehicle_vin_number,Text
pvkv-25ck,type,Text
pvkv-25ck,dmv_license_plate_number,Text
pvkv-25ck,vehicle_type,Text
pvkv-25ck,agent_telephone_number,Text
pvkv-25ck,name,Text
pvkv-25ck,current_status,Text
pvkv-25ck,last_updated_time,Text
pvkv-25ck,license_number,Text
pvkv-25ck,medallion_type,Text
c284-tqph,vehicle_body_type,Text
c284-tqph,violation_county,Text
c284-tqph,unregistered_vehicle,Text
c284-tqph,no_standing_or_stopping_violation,Text
c284-tqph,plate_type,Text
c284-tqph,vehicle_make,Text
c284-tqph,hydrant_violation,Text
c284-tqph,issuer_squad,Text
c284-tqph,sub_division,Text
c284-tqph,street_name,Text
c284-tqph,intersecting_street,Text
c284-tqph,violation_legal_code,Text
c284-tqph,to_hours_in_effect,Text
c284-tqph,issuer_command,Text
c284-tqph,vehicle_color,Text
c284-tqph,meter_number,Text
c284-tqph,violation_post_code,Text
c284-tqph,violation_description,Text
c284-tqph,double_parking_violation,Text
c284-tqph,house_number,Text
c284-tqph,violation_in_front_of_or_opposite,Text
c284-tqph,time_first_observed,Text
c284-tqph,days_parking_in_effect,Text
c284-tqph,from_hours_in_effect,Text
c284-tqph,plate_id,Text
c284-tqph,registration_state,Text
c284-tqph,issuing_agency,Text
c284-tqph,violation_location,Text
c284-tqph,violation_time,Text
p7t3-5i9s,violation_in_front_of_or,Text
p7t3-5i9s,days_parking_in_effect,Text
p7t3-5i9s,violation_legal_code,Text
p7t3-5i9s,sub_division,Text
p7t3-5i9s,no_standing_or_stopping,Text
p7t3-5i9s,meter_number,Text
p7t3-5i9s,double_parking_violation,Text
p7t3-5i9s,violation_post_code,Text
p7t3-5i9s,violation_description,Text
p7t3-5i9s,violation_county,Text
p7t3-5i9s,house_number,Text
p7t3-5i9s,intersecting_street,Text
p7t3-5i9s,from_hours_in_effect,Text
p7t3-5i9s,to_hours_in_effect,Text
p7t3-5i9s,vehicle_color,Text
p7t3-5i9s,hydrant_violation,Text
p7t3-5i9s,plate_id,Text
p7t3-5i9s,registration_state,Text
p7t3-5i9s,plate_type,Text
p7t3-5i9s,vehicle_body_type,Text
p7t3-5i9s,vehicle_make,Text
p7t3-5i9s,violation_time,Text
p7t3-5i9s,time_first_observed,Text
p7t3-5i9s,issuer_squad,Text
p7t3-5i9s,issuer_command,Text
p7t3-5i9s,street_name,Text
p7t3-5i9s,issuing_agency,Text
ygpa-z7cr,problem_status,Text
ygpa-z7cr,status_description,Text
ygpa-z7cr,street_name,Text
ygpa-z7cr,space_type,Text
ygpa-z7cr,major_category,Text
ygpa-z7cr,unique_key,Text
ygpa-z7cr,complaint_status,Text
ygpa-z7cr,type,Text
ygpa-z7cr,borough,Text
ygpa-z7cr,house_number,Text
ygpa-z7cr,problem_duplicate_flag,Text
ygpa-z7cr,minor_category,Text
ygpa-z7cr,problem_code,Text
ygpa-z7cr,complaint_anonymous_flag,Text
ygpa-z7cr,apartment,Text
ygpa-z7cr,post_code,Text
ygpa-z7cr,unit_type,Text
ygpa-z7cr,nta,Text
kvfd-bves,time_first_observed,Text
kvfd-bves,to_hours_in_effect,Text
kvfd-bves,violation_legal_code,Text
kvfd-bves,from_hours_in_effect,Text
kvfd-bves,meter_number,Text
kvfd-bves,days_parking_in_effect,Text
kvfd-bves,violation_time,Text
kvfd-bves,issuer_command,Text
kvfd-bves,sub_division,Text
kvfd-bves,vehicle_make,Text
kvfd-bves,plate_type,Text
kvfd-bves,violation_county,Text
kvfd-bves,violation_post_code,Text
kvfd-bves,intersecting_street,Text
kvfd-bves,double_parking_violation,Text
kvfd-bves,plate_id,Text
kvfd-bves,registration_state,Text
kvfd-bves,no_standing_or_stopping,Text
kvfd-bves,violation_description,Text
kvfd-bves,house_number,Text
kvfd-bves,street_name,Text
kvfd-bves,issuer_squad,Text
kvfd-bves,hydrant_violation,Text
kvfd-bves,issuing_agency,Text
kvfd-bves,vehicle_body_type,Text
kvfd-bves,violation_in_front_of_or,Text
kvfd-bves,vehicle_color,Text
xmmq-y7za,item,Text
xmmq-y7za,sign_id,Text
xmmq-y7za,job_filing_number,Text
xmmq-y7za,item_detail,Text
xmmq-y7za,work_id,Text
xmmq-y7za,floor_ac_receptacles,Text
xmmq-y7za,floor_name,Text
xmmq-y7za,floor_id,Text
xmmq-y7za,floor_fixtures,Text
xmmq-y7za,sign_total_aw_guage,Text
xmmq-y7za,sign_dimensions,Text
xmmq-y7za,sign_manufacturer_address,Text
xmmq-y7za,to_floor,Text
xmmq-y7za,item_quantity,Text
xmmq-y7za,floor_detail,Text
xmmq-y7za,floor_att_receptacles,Text
xmmq-y7za,work_description,Text
xmmq-y7za,from_floor,Text
xmmq-y7za,sign_materials_guage,Text
xmmq-y7za,sign_text,Text
xmmq-y7za,unique_id,Text
xmmq-y7za,sign_manufacturer,Text
5gj9-2kzx,store_and_fwd_flag,Text
5gj9-2kzx,ehail_fee,Text
gi8d-wdg5,store_and_fwd_flag,Text
gi8d-wdg5,vendorid,Text
faiq-9dfq,violation_in_front_of_or,Text
faiq-9dfq,hydrant_violation,Text
faiq-9dfq,violation_time,Text
faiq-9dfq,issuer_command,Text
faiq-9dfq,issuer_squad,Text
faiq-9dfq,sub_division,Text
faiq-9dfq,street_name,Text
faiq-9dfq,vehicle_make,Text
faiq-9dfq,issuing_agency,Text
faiq-9dfq,no_standing_or_stopping,Text
faiq-9dfq,vehicle_color,Text
faiq-9dfq,intersecting_street,Text
faiq-9dfq,violation_legal_code,Text
faiq-9dfq,days_parking_in_effect,Text
faiq-9dfq,meter_number,Text
faiq-9dfq,to_hours_in_effect,Text
faiq-9dfq,registration_state,Text
faiq-9dfq,house_number,Text
faiq-9dfq,from_hours_in_effect,Text
faiq-9dfq,violation_county,Text
faiq-9dfq,violation_description,Text
faiq-9dfq,plate_type,Text
faiq-9dfq,plate_id,Text
faiq-9dfq,violation_post_code,Text
faiq-9dfq,vehicle_body_type,Text
faiq-9dfq,time_first_observed,Text
faiq-9dfq,double_parking_violation,Text
2xab-argn,fee_type,Text
2xab-argn,business_name,Text
2xab-argn,fee_description,Text
2xab-argn,record_id,Text
2xab-argn,industry,Text
2xab-argn,record_dype,Text
2xab-argn,transaction_type,Text
2xab-argn,business_name2,Text
2xab-argn,payment_date,Text
a5td-mswe,vehicle_make,Text
a5td-mswe,plate_type,Text
a5td-mswe,violation_in_front_of_or_opposite,Text
a5td-mswe,to_hours_in_effect,Text
a5td-mswe,plate_id,Text
a5td-mswe,street_name,Text
a5td-mswe,violation_post_code,Text
a5td-mswe,meter_number,Text
a5td-mswe,no_standing_or_stopping_violation,Text
a5td-mswe,hydrant_violation,Text
a5td-mswe,issuer_command,Text
a5td-mswe,house_number,Text
a5td-mswe,registration_state,Text
a5td-mswe,violation_county,Text
a5td-mswe,vehicle_color,Text
a5td-mswe,violation_time,Text
a5td-mswe,issuer_squad,Text
a5td-mswe,from_hours_in_effect,Text
a5td-mswe,time_first_observed,Text
a5td-mswe,double_parking_violation,Text
a5td-mswe,days_parking_in_effect,Text
a5td-mswe,issuing_agency,Text
a5td-mswe,intersecting_street,Text
a5td-mswe,vehicle_body_type,Text
a5td-mswe,sub_division,Text
a5td-mswe,violation_legal_code,Text
a5td-mswe,violation_description,Text
bkfu-528j,event_borough,Text
bkfu-528j,police_precinct,Text
bkfu-528j,event_location,Text
bkfu-528j,event_agency,Text
bkfu-528j,community_board,Text
bkfu-528j,event_street_side,Text
bkfu-528j,event_name,Text
bkfu-528j,event_type,Text
bkfu-528j,street_closure_type,Text
pkmi-4kfn,ehail_fee,Text
pkmi-4kfn,store_and_fwd_flag,Text
w7fs-fd9i,ehail_fee,Text
w7fs-fd9i,store_and_fwd_flag,Text
uacg-pexx,store_and_fwd_flag,Text
uacg-pexx,dolocationid,Text
uacg-pexx,pulocationid,Text
sxmw-f24h,complaint_type,Text
sxmw-f24h,location_city,Text
sxmw-f24h,address_type,Text
sxmw-f24h,landmark,Text
sxmw-f24h,city,Text
sxmw-f24h,bridge_highway_name,Text
sxmw-f24h,status,Text
sxmw-f24h,cross_street_1,Text
sxmw-f24h,street_name,Text
sxmw-f24h,agency_name,Text
sxmw-f24h,agency,Text
sxmw-f24h,school_city,Text
sxmw-f24h,facility_type,Text
sxmw-f24h,school_state,Text
sxmw-f24h,school_zip,Text
sxmw-f24h,taxi_company_borough,Text
sxmw-f24h,school_region,Text
sxmw-f24h,bridge_highway_direction,Text
sxmw-f24h,school_address,Text
sxmw-f24h,location_zip,Text
sxmw-f24h,road_ramp,Text
sxmw-f24h,school_not_found,Text
sxmw-f24h,school_or_citywide_complaint,Text
sxmw-f24h,ferry_direction,Text
sxmw-f24h,taxi_pick_up_location,Text
sxmw-f24h,bridge_highway_segment,Text
sxmw-f24h,vehicle_type,Text
sxmw-f24h,garage_lot_name,Text
sxmw-f24h,intersection_street_2,Text
sxmw-f24h,intersection_street_1,Text
sxmw-f24h,ferry_terminal_name,Text
sxmw-f24h,cross_street_2,Text
sxmw-f24h,incident_address,Text
sxmw-f24h,incident_zip,Text
sxmw-f24h,borough,Text
sxmw-f24h,park_facility_name,Text
sxmw-f24h,school_name,Text
sxmw-f24h,location_type,Text
sxmw-f24h,school_number,Text
sxmw-f24h,school_code,Text
sxmw-f24h,school_phone_number,Text
sxmw-f24h,community_board,Text
sxmw-f24h,descriptor,Text
sxmw-f24h,park_borough,Text
sxmw-f24h,location_state,Text
sxmw-f24h,location_address,Text
sxmw-f24h,unique_key,Text
7ym2-wayt,wktgeom,Text
7ym2-wayt,fromst,Text
7ym2-wayt,tost,Text
7ym2-wayt,direction,Text
7ym2-wayt,boro,Text
7ym2-wayt,street,Text
sqcr-6mww,school_not_found,Text
sqcr-6mww,location_address,Text
sqcr-6mww,park_borough,Text
sqcr-6mww,park_facility_name,Text
sqcr-6mww,community_board,Text
sqcr-6mww,school_phone_number,Text
sqcr-6mww,location_city,Text
sqcr-6mww,school_zip,Text
sqcr-6mww,bridge_highway_name,Text
sqcr-6mww,landmark,Text
sqcr-6mww,bridge_highway_direction,Text
sqcr-6mww,city,Text
sqcr-6mww,intersection_street_2,Text
sqcr-6mww,status,Text
sqcr-6mww,intersection_street_1,Text
sqcr-6mww,cross_street_1,Text
sqcr-6mww,location_state,Text
sqcr-6mww,address_type,Text
sqcr-6mww,street_name,Text
sqcr-6mww,incident_address,Text
sqcr-6mww,agency,Text
sqcr-6mww,incident_zip,Text
sqcr-6mww,location_type,Text
sqcr-6mww,cross_street_2,Text
sqcr-6mww,facility_type,Text
sqcr-6mww,borough,Text
sqcr-6mww,school_name,Text
sqcr-6mww,school_number,Text
sqcr-6mww,school_region,Text
sqcr-6mww,school_code,Text
sqcr-6mww,vehicle_type,Text
sqcr-6mww,taxi_pick_up_location,Text
sqcr-6mww,location_zip,Text
sqcr-6mww,unique_key,Text
sqcr-6mww,descriptor,Text
sqcr-6mww,school_address,Text
sqcr-6mww,ferry_terminal_name,Text
sqcr-6mww,school_city,Text
sqcr-6mww,school_state,Text
sqcr-6mww,school_or_citywide_complaint,Text
sqcr-6mww,taxi_company_borough,Text
sqcr-6mww,ferry_direction,Text
sqcr-6mww,complaint_type,Text
sqcr-6mww,agency_name,Text
sqcr-6mww,road_ramp,Text
sqcr-6mww,bridge_highway_segment,Text
sqcr-6mww,garage_lot_name,Text
uzcy-9puk,road_ramp,Text
uzcy-9puk,school_or_citywide_complaint,Text
uzcy-9puk,unique_key,Text
uzcy-9puk,location_type,Text
uzcy-9puk,school_name,Text
uzcy-9puk,incident_zip,Text
uzcy-9puk,city,Text
uzcy-9puk,facility_type,Text
uzcy-9puk,school_region,Text
uzcy-9puk,park_facility_name,Text
uzcy-9puk,school_number,Text
uzcy-9puk,bridge_highway_name,Text
uzcy-9puk,school_code,Text
uzcy-9puk,incident_address,Text
uzcy-9puk,location_zip,Text
uzcy-9puk,location_state,Text
uzcy-9puk,location_city,Text
uzcy-9puk,taxi_pick_up_location,Text
uzcy-9puk,vehicle_type,Text
uzcy-9puk,school_not_found,Text
uzcy-9puk,school_phone_number,Text
uzcy-9puk,park_borough,Text
uzcy-9puk,ferry_direction,Text
uzcy-9puk,borough,Text
uzcy-9puk,status,Text
uzcy-9puk,address_type,Text
uzcy-9puk,school_address,Text
uzcy-9puk,bridge_highway_segment,Text
uzcy-9puk,school_state,Text
uzcy-9puk,school_city,Text
uzcy-9puk,garage_lot_name,Text
uzcy-9puk,landmark,Text
uzcy-9puk,agency,Text
uzcy-9puk,descriptor,Text
uzcy-9puk,agency_name,Text
uzcy-9puk,ferry_terminal_name,Text
uzcy-9puk,street_name,Text
uzcy-9puk,cross_street_1,Text
uzcy-9puk,complaint_type,Text
uzcy-9puk,cross_street_2,Text
uzcy-9puk,intersection_street_1,Text
uzcy-9puk,intersection_street_2,Text
uzcy-9puk,school_zip,Text
uzcy-9puk,location_address,Text
uzcy-9puk,taxi_company_borough,Text
uzcy-9puk,bridge_highway_direction,Text
uzcy-9puk,community_board,Text
8m42-w767,alarm_box_borough,Text
8m42-w767,zipcode,Text
8m42-w767,incident_classification_group,Text
8m42-w767,valid_incident_rspns_time_indc,Text
8m42-w767,valid_dispatch_rspns_time_indc,Text
8m42-w767,alarm_box_location,Text
8m42-w767,starfire_incident_id,Text
8m42-w767,incident_borough,Text
8m42-w767,alarm_source_description_tx,Text
8m42-w767,alarm_level_index_description,Text
8m42-w767,highest_alarm_level,Text
8m42-w767,incident_classification,Text
bty7-2jhb,owner_s_house_zip_code,Text
bty7-2jhb,non_profit,Text
bty7-2jhb,nta,Text
bty7-2jhb,oil_gas,Text
bty7-2jhb,permit_type,Text
bty7-2jhb,act_as_superintendent,Text
bty7-2jhb,permittee_s_last_name,Text
bty7-2jhb,owner_s_phone,Text
bty7-2jhb,site_safety_mgr_s_first_name,Text
bty7-2jhb,dobrundate,Text
bty7-2jhb,issuance_date,Text
bty7-2jhb,permittee_s_business_name,Text
bty7-2jhb,owner_s_business_name,Text
bty7-2jhb,street_name,Text
bty7-2jhb,owner_s_house,Text
bty7-2jhb,superintendent_business_name,Text
bty7-2jhb,owner_s_last_name,Text
bty7-2jhb,special_district_2,Text
bty7-2jhb,filing_status,Text
bty7-2jhb,site_safety_mgr_business_name,Text
bty7-2jhb,hic_license,Text
bty7-2jhb,permit_sequence,Text
bty7-2jhb,job_start_date,Text
bty7-2jhb,job_type,Text
bty7-2jhb,owner_s_business_type,Text
bty7-2jhb,owner_s_house_street_name,Text
bty7-2jhb,permittee_s_license,Text
bty7-2jhb,zip_code,Text
bty7-2jhb,permit_status,Text
bty7-2jhb,house,Text
bty7-2jhb,job_doc,Text
bty7-2jhb,block,Text
bty7-2jhb,lot,Text
bty7-2jhb,community_board,Text
bty7-2jhb,bldg_type,Text
bty7-2jhb,residential,Text
bty7-2jhb,work_type,Text
bty7-2jhb,site_fill,Text
bty7-2jhb,permittee_s_phone,Text
bty7-2jhb,owner_s_first_name,Text
bty7-2jhb,job,Text
bty7-2jhb,self_cert,Text
bty7-2jhb,special_district_1,Text
bty7-2jhb,permit_subtype,Text
bty7-2jhb,filing_date,Text
bty7-2jhb,bin,Text
bty7-2jhb,expiration_date,Text
bty7-2jhb,permittee_s_first_name,Text
bty7-2jhb,permittee_s_license_type,Text
bty7-2jhb,permittee_s_other_title,Text
bty7-2jhb,borough,Text
bty7-2jhb,site_safety_mgr_s_last_name,Text
bty7-2jhb,superintendent_first_last_name,Text
bty7-2jhb,owner_s_house_city,Text
bty7-2jhb,owner_s_house_state,Text
2k3g-r445,record_type,Text
2k3g-r445,record_id,Text
2k3g-r445,fee_description,Text
2k3g-r445,business_name2,Text
2k3g-r445,fee_status,Text
2k3g-r445,business_name,Text
2k3g-r445,fee_type,Text
2k3g-r445,industry,Text
tm6d-hbzd,borough_desc,Text
tm6d-hbzd,floor,Text
tm6d-hbzd,highest_level_desc,Text
tm6d-hbzd,aes_presence_desc,Text
tm6d-hbzd,total_incident_duration,Text
tm6d-hbzd,action_taken3_desc,Text
tm6d-hbzd,fire_spread_desc,Text
tm6d-hbzd,story_fire_origin_count,Text
tm6d-hbzd,action_taken1_desc,Text
tm6d-hbzd,zip_code,Text
tm6d-hbzd,im_incident_key,Text
tm6d-hbzd,fire_box,Text
tm6d-hbzd,street_highway,Text
tm6d-hbzd,incident_type_desc,Text
tm6d-hbzd,property_use_desc,Text
tm6d-hbzd,detector_presence_desc,Text
tm6d-hbzd,fire_origin_below_grade_flag,Text
tm6d-hbzd,standpipe_sys_present_flag,Text
tm6d-hbzd,co_detector_present_desc,Text
tm6d-hbzd,action_taken2_desc,Text
tm6d-hbzd,units_onscene,Text
hy4q-igkk,city,Text
hy4q-igkk,incident_address,Text
hy4q-igkk,incident_zip,Text
hy4q-igkk,location_type,Text
hy4q-igkk,descriptor,Text
hy4q-igkk,school_number,Text
hy4q-igkk,school_name,Text
hy4q-igkk,park_borough,Text
hy4q-igkk,borough,Text
hy4q-igkk,status,Text
hy4q-igkk,complaint_type,Text
hy4q-igkk,unique_key,Text
hy4q-igkk,school_phone_number,Text
hy4q-igkk,school_city,Text
hy4q-igkk,school_state,Text
hy4q-igkk,agency_name,Text
hy4q-igkk,location_state,Text
hy4q-igkk,agency,Text
hy4q-igkk,school_or_citywide_complaint,Text
hy4q-igkk,taxi_company_borough,Text
hy4q-igkk,ferry_terminal_name,Text
hy4q-igkk,garage_lot_name,Text
hy4q-igkk,location_address,Text
hy4q-igkk,street_name,Text
hy4q-igkk,location_city,Text
hy4q-igkk,bridge_highway_segment,Text
hy4q-igkk,bridge_highway_direction,Text
hy4q-igkk,bridge_highway_name,Text
hy4q-igkk,ferry_direction,Text
hy4q-igkk,cross_street_1,Text
hy4q-igkk,cross_street_2,Text
hy4q-igkk,vehicle_type,Text
hy4q-igkk,landmark,Text
hy4q-igkk,community_board,Text
hy4q-igkk,location_zip,Text
hy4q-igkk,school_zip,Text
hy4q-igkk,school_address,Text
hy4q-igkk,school_code,Text
hy4q-igkk,school_region,Text
hy4q-igkk,park_facility_name,Text
hy4q-igkk,facility_type,Text
hy4q-igkk,school_not_found,Text
hy4q-igkk,taxi_pick_up_location,Text
hy4q-igkk,road_ramp,Text
hy4q-igkk,address_type,Text
hy4q-igkk,intersection_street_2,Text
hy4q-igkk,intersection_street_1,Text
aiww-p3af,cross_street_1,Text
aiww-p3af,ferry_terminal_name,Text
aiww-p3af,garage_lot_name,Text
aiww-p3af,bridge_highway_segment,Text
aiww-p3af,bridge_highway_direction,Text
aiww-p3af,school_zip,Text
aiww-p3af,school_address,Text
aiww-p3af,school_region,Text
aiww-p3af,park_facility_name,Text
aiww-p3af,landmark,Text
aiww-p3af,city,Text
aiww-p3af,intersection_street_2,Text
aiww-p3af,intersection_street_1,Text
aiww-p3af,cross_street_2,Text
aiww-p3af,incident_address,Text
aiww-p3af,location_type,Text
aiww-p3af,unique_key,Text
aiww-p3af,ferry_direction,Text
aiww-p3af,vehicle_type,Text
aiww-p3af,school_or_citywide_complaint,Text
aiww-p3af,school_city,Text
aiww-p3af,school_name,Text
aiww-p3af,status,Text
aiww-p3af,address_type,Text
aiww-p3af,street_name,Text
aiww-p3af,descriptor,Text
aiww-p3af,complaint_type,Text
aiww-p3af,agency,Text
aiww-p3af,location_state,Text
aiww-p3af,road_ramp,Text
aiww-p3af,bridge_highway_name,Text
aiww-p3af,taxi_pick_up_location,Text
aiww-p3af,taxi_company_borough,Text
aiww-p3af,school_not_found,Text
aiww-p3af,school_state,Text
aiww-p3af,school_phone_number,Text
aiww-p3af,school_code,Text
aiww-p3af,park_borough,Text
aiww-p3af,borough,Text
aiww-p3af,community_board,Text
aiww-p3af,facility_type,Text
aiww-p3af,agency_name,Text
aiww-p3af,location_address,Text
aiww-p3af,location_zip,Text
aiww-p3af,location_city,Text
aiww-p3af,school_number,Text
aiww-p3af,incident_zip,Text
n2zq-pubd,cad_evnt_id,Text
n2zq-pubd,cip_jobs,Text
n2zq-pubd,radio_code,Text
n2zq-pubd,typ_desc,Text
n2zq-pubd,boro_nm,Text
n2zq-pubd,geo_cd_x,Text
n2zq-pubd,patrl_boro_nm,Text
n2zq-pubd,incident_time,Text
n2zq-pubd,geo_cd_y,Text
kiv2-tbus,issuer_command,Text
kiv2-tbus,days_parking_in_effect,Text
kiv2-tbus,vehicle_make,Text
kiv2-tbus,issuer_squad,Text
kiv2-tbus,issuing_agency,Text
kiv2-tbus,plate_type,Text
kiv2-tbus,violation_description,Text
kiv2-tbus,violation_in_front_of_or_opposite,Text
kiv2-tbus,violation_county,Text
kiv2-tbus,vehicle_color,Text
kiv2-tbus,violation_location,Text
kiv2-tbus,violation_time,Text
kiv2-tbus,time_first_observed,Text
kiv2-tbus,violation_legal_code,Text
kiv2-tbus,double_parking_violation,Text
kiv2-tbus,violation_post_code,Text
kiv2-tbus,hydrant_violation,Text
kiv2-tbus,sub_division,Text
kiv2-tbus,meter_number,Text
kiv2-tbus,intersecting_street,Text
kiv2-tbus,no_standing_or_stopping_violation,Text
kiv2-tbus,house_number,Text
kiv2-tbus,street_name,Text
kiv2-tbus,plate_id,Text
kiv2-tbus,from_hours_in_effect,Text
kiv2-tbus,registration_state,Text
kiv2-tbus,unregistered_vehicle,Text
kiv2-tbus,vehicle_body_type,Text
kiv2-tbus,to_hours_in_effect,Text
yjxr-fw8i,owner,Text
yjxr-fw8i,taxclass,Text
yjxr-fw8i,bldgcl,Text
yjxr-fw8i,borough,Text
yjxr-fw8i,easement,Text
yjxr-fw8i,valtype,Text
yjxr-fw8i,year,Text
yjxr-fw8i,nta,Text
yjxr-fw8i,bble,Text
yjxr-fw8i,period,Text
yjxr-fw8i,exmptcl,Text
yjxr-fw8i,ext,Text
yjxr-fw8i,staddr,Text
hvrh-b6nb,store_and_fwd_flag,Text
2upf-qytp,congestion_surcharge,Text
2upf-qytp,store_and_fwd_flag,Text
jt7v-77mi,vehicle_body_type,Text
jt7v-77mi,unregistered_vehicle,Text
jt7v-77mi,violation_time,Text
jt7v-77mi,issuing_agency,Text
jt7v-77mi,violation_in_front_of_or_opposite,Text
jt7v-77mi,double_parking_violation,Text
jt7v-77mi,time_first_observed,Text
jt7v-77mi,plate_type,Text
jt7v-77mi,no_standing_or_stopping_violation,Text
jt7v-77mi,registration_state,Text
jt7v-77mi,house_number,Text
jt7v-77mi,violation_county,Text
jt7v-77mi,sub_division,Text
jt7v-77mi,issuer_squad,Text
jt7v-77mi,from_hours_in_effect,Text
jt7v-77mi,to_hours_in_effect,Text
jt7v-77mi,plate_id,Text
jt7v-77mi,street_name,Text
jt7v-77mi,violation_description,Text
jt7v-77mi,issuer_command,Text
jt7v-77mi,violation_location,Text
jt7v-77mi,days_parking_in_effect,Text
jt7v-77mi,intersecting_street,Text
jt7v-77mi,vehicle_color,Text
jt7v-77mi,hydrant_violation,Text
jt7v-77mi,violation_legal_code,Text
jt7v-77mi,meter_number,Text
jt7v-77mi,violation_post_code,Text
jt7v-77mi,vehicle_make,Text
ydkf-mpxb,novcode,Text
ydkf-mpxb,curbstreetname,Text
ydkf-mpxb,trafficflow,Text
ydkf-mpxb,tostreetname,Text
ydkf-mpxb,specificlocation,Text
ydkf-mpxb,inspectiontype,Text
ydkf-mpxb,inspectionresulttype,Text
ydkf-mpxb,carnumber,Text
ydkf-mpxb,carcomments,Text
ydkf-mpxb,detailsofviolation,Text
ydkf-mpxb,laneofcut,Text
ydkf-mpxb,permitnumber,Text
ydkf-mpxb,onstreetname,Text
ydkf-mpxb,fromstreetname,Text
ydkf-mpxb,inspectionremarks,Text
ydkf-mpxb,crossstreetname,Text
ydkf-mpxb,novnumber,Text
ydkf-mpxb,permitteename,Text
ydkf-mpxb,permittype,Text
ydkf-mpxb,novcodedescription,Text
8y4t-faws,subident_reuc,Text
8y4t-faws,curtaxclass,Text
8y4t-faws,owner,Text
8y4t-faws,housenum_hi,Text
8y4t-faws,gepsupport_rc,Text
8y4t-faws,reuc_ref,Text
8y4t-faws,tentaxflag,Text
8y4t-faws,ident,Text
8y4t-faws,zoning,Text
8y4t-faws,parid,Text
8y4t-faws,subident,Text
8y4t-faws,housenum_lo,Text
8y4t-faws,street_name,Text
8y4t-faws,zip_code,Text
8y4t-faws,reuc_description,Text
8y4t-faws,noav,Text
8y4t-faws,appt_ease,Text
8y4t-faws,cbntaxflag,Text
8y4t-faws,easement,Text
8y4t-faws,pytaxclass,Text
8y4t-faws,bldg_class,Text
8y4t-faws,tentaxclass,Text
8y4t-faws,bld_ext,Text
8y4t-faws,aptno,Text
8y4t-faws,protest_old,Text
8y4t-faws,pytaxflag,Text
8y4t-faws,fintaxflag,Text
8y4t-faws,roll_section,Text
8y4t-faws,lot_irreg,Text
8y4t-faws,curtaxflag,Text
8y4t-faws,fintaxclass,Text
8y4t-faws,corner,Text
8y4t-faws,condo_sfx3,Text
8y4t-faws,yrbuilt_flag,Text
8y4t-faws,year,Text
8y4t-faws,condo_sfx1,Text
8y4t-faws,attorney_group2,Text
8y4t-faws,protest_2,Text
8y4t-faws,protest_1,Text
8y4t-faws,valref,Text
8y4t-faws,cbntaxclass,Text
82zj-84is,plantingspaceonstreet,Text
82zj-84is,geometry,Text
82zj-84is,globalid,Text
82zj-84is,boroughcode,Text
82zj-84is,crossstreet2,Text
82zj-84is,createddate,Text
82zj-84is,nta,Text
82zj-84is,streetname,Text
82zj-84is,treeguard,Text
82zj-84is,overheadutilities,Text
82zj-84is,jurisdiction,Text
82zj-84is,updateddate,Text
82zj-84is,psstatus,Text
82zj-84is,physicalid,Text
82zj-84is,width,Text
82zj-84is,pssite,Text
82zj-84is,parkname,Text
82zj-84is,sanitationzone,Text
82zj-84is,crossstreet1,Text
82zj-84is,parkzone,Text
82zj-84is,length,Text
82zj-84is,buildingnumber,Text
82zj-84is,zipcode,Text
2bnn-yakx,house_number,Text
2bnn-yakx,violation_in_front_of_or_opposite,Text
2bnn-yakx,violation_county,Text
2bnn-yakx,time_first_observed,Text
2bnn-yakx,issuer_squad,Text
2bnn-yakx,violation_time,Text
2bnn-yakx,street_name,Text
2bnn-yakx,vehicle_color,Text
2bnn-yakx,violation_description,Text
2bnn-yakx,plate_type,Text
2bnn-yakx,double_parking_violation,Text
2bnn-yakx,hydrant_violation,Text
2bnn-yakx,violation_location,Text
2bnn-yakx,registration_state,Text
2bnn-yakx,vehicle_body_type,Text
2bnn-yakx,no_standing_or_stopping_violation,Text
2bnn-yakx,violation_post_code,Text
2bnn-yakx,issuing_agency,Text
2bnn-yakx,issuer_command,Text
2bnn-yakx,sub_division,Text
2bnn-yakx,from_hours_in_effect,Text
2bnn-yakx,meter_number,Text
2bnn-yakx,violation_legal_code,Text
2bnn-yakx,to_hours_in_effect,Text
2bnn-yakx,intersecting_street,Text
2bnn-yakx,vehicle_make,Text
2bnn-yakx,days_parking_in_effect,Text
2bnn-yakx,unregistered_vehicle,Text
2bnn-yakx,plate_id,Text
genf-2k76,report_year,Text
genf-2k76,name,Text
i296-73x5,bin,Text
i296-73x5,house_number,Text
i296-73x5,borough_name,Text
i296-73x5,community_board,Text
i296-73x5,complaint_number,Text
i296-73x5,street_name,Text
y7az-s7wc,e,Text
y7az-s7wc,qtr,Text
i4gi-tjb9,encoded_poly_line_lvls,Text
i4gi-tjb9,encoded_poly_line,Text
i4gi-tjb9,id,Text
i4gi-tjb9,link_points,Text
i4gi-tjb9,link_name,Text
i4gi-tjb9,transcom_id,Text
i4gi-tjb9,link_id,Text
i4gi-tjb9,speed,Text
i4gi-tjb9,borough,Text
i4gi-tjb9,travel_time,Text
i4gi-tjb9,owner,Text
i4gi-tjb9,status,Text
cspg-yi7g,state,Text
cspg-yi7g,longitude,Text
cspg-yi7g,city,Text
cspg-yi7g,boro,Text
cspg-yi7g,expiration_date,Text
cspg-yi7g,disposition_date,Text
cspg-yi7g,bic_number,Text
cspg-yi7g,email,Text
cspg-yi7g,census_tract,Text
cspg-yi7g,council_district,Text
cspg-yi7g,account_name,Text
cspg-yi7g,latitude,Text
cspg-yi7g,effective_date,Text
cspg-yi7g,bin,Text
cspg-yi7g,phone,Text
cspg-yi7g,nta,Text
cspg-yi7g,postcode,Text
cspg-yi7g,address,Text
cspg-yi7g,trade_name,Text
cspg-yi7g,application_type,Text
cspg-yi7g,community_board,Text
cspg-yi7g,bbl,Text
muvi-b6kx,bldg_class,Text
muvi-b6kx,extractdt,Text
muvi-b6kx,lline,Text
muvi-b6kx,caseno,Text
muvi-b6kx,j51_govt_financed,Text
muvi-b6kx,gargcomact,Text
muvi-b6kx,pypartialpct,Text
muvi-b6kx,owner2,Text
muvi-b6kx,fintaxclass,Text
muvi-b6kx,_421g_cert,Text
muvi-b6kx,baseyr,Text
muvi-b6kx,status,Text
muvi-b6kx,percent_3,Text
muvi-b6kx,enter_date,Text
muvi-b6kx,pstatus,Text
muvi-b6kx,exmp_code_suffix,Text
muvi-b6kx,exmp_code,Text
muvi-b6kx,reuc,Text
muvi-b6kx,parid,Text
muvi-b6kx,basetrntot,Text
muvi-b6kx,benftstart,Text
muvi-b6kx,gargcomtrn,Text
muvi-b6kx,gargcompct,Text
muvi-b6kx,basetot,Text
muvi-b6kx,year,Text
muvi-b6kx,ease,Text
muvi-b6kx,lot,Text
muvi-b6kx,block,Text
muvi-b6kx,condo_sfx,Text
muvi-b6kx,compute_flg,Text
muvi-b6kx,exname,Text
muvi-b6kx,nys_exmp_code,Text
a8wp-rerh,address,Text
a8wp-rerh,city,Text
a8wp-rerh,boro,Text
a8wp-rerh,community_board,Text
a8wp-rerh,bbl,Text
a8wp-rerh,phone,Text
a8wp-rerh,nta,Text
a8wp-rerh,application_type,Text
a8wp-rerh,council_district,Text
a8wp-rerh,bin,Text
a8wp-rerh,postcode,Text
a8wp-rerh,longitude,Text
a8wp-rerh,latitude,Text
a8wp-rerh,disposition_date,Text
a8wp-rerh,bic_number,Text
a8wp-rerh,state,Text
a8wp-rerh,trade_name,Text
a8wp-rerh,census_tract,Text
a8wp-rerh,account_name,Text
a8wp-rerh,email,Text
a8wp-rerh,expiration_date,Text
a8wp-rerh,effective_date,Text
tqtj-sjs8,permitnumber,Text
tqtj-sjs8,applicationtrackingid,Text
tqtj-sjs8,sequencenumber,Text
tqtj-sjs8,applicationtypeshortdesc,Text
tqtj-sjs8,permitstatusid,Text
tqtj-sjs8,permitstatusshortdesc,Text
tqtj-sjs8,permitseriesid,Text
tqtj-sjs8,permitseriesshortdesc,Text
tqtj-sjs8,permittypeid,Text
tqtj-sjs8,permittypedesc,Text
tqtj-sjs8,equipmenttypedesc,Text
tqtj-sjs8,specificstipulations,Text
tqtj-sjs8,previouspermitnumber,Text
tqtj-sjs8,nextpermitnumber,Text
tqtj-sjs8,boroughname,Text
tqtj-sjs8,permithousenumber,Text
tqtj-sjs8,onstreetname,Text
tqtj-sjs8,fromstreetname,Text
tqtj-sjs8,tostreetname,Text
tqtj-sjs8,permitteename,Text
tqtj-sjs8,permitpurposecomments,Text
tqtj-sjs8,permitlocationcomments,Text
tqtj-sjs8,pavementshortdesc,Text
tqtj-sjs8,sidewalkshortdesc,Text
tqtj-sjs8,oftcode,Text
m6nq-qud6,store_and_fwd_flag,Text
f55k-p6yu,bodily_injury,Text
f55k-p6yu,person_id,Text
f55k-p6yu,ejection,Text
f55k-p6yu,complaint,Text
f55k-p6yu,person_injury,Text
f55k-p6yu,safety_equipment,Text
f55k-p6yu,vehicle_id,Text
f55k-p6yu,position_in_vehicle,Text
f55k-p6yu,contributing_factor_1,Text
f55k-p6yu,crash_time,Text
f55k-p6yu,person_type,Text
f55k-p6yu,emotional_status,Text
f55k-p6yu,ped_role,Text
f55k-p6yu,person_sex,Text
f55k-p6yu,ped_location,Text
f55k-p6yu,ped_action,Text
f55k-p6yu,contributing_factor_2,Text
3rfa-3xsf,intersection_street_2,Text
3rfa-3xsf,school_not_found,Text
3rfa-3xsf,location_zip,Text
3rfa-3xsf,complaint_type,Text
3rfa-3xsf,descriptor,Text
3rfa-3xsf,location_type,Text
3rfa-3xsf,street_name,Text
3rfa-3xsf,address_type,Text
3rfa-3xsf,status,Text
3rfa-3xsf,borough,Text
3rfa-3xsf,park_borough,Text
3rfa-3xsf,school_address,Text
3rfa-3xsf,school_city,Text
3rfa-3xsf,school_or_citywide_complaint,Text
3rfa-3xsf,road_ramp,Text
3rfa-3xsf,ferry_direction,Text
3rfa-3xsf,location_state,Text
3rfa-3xsf,location_address,Text
3rfa-3xsf,location_city,Text
3rfa-3xsf,agency,Text
3rfa-3xsf,incident_address,Text
3rfa-3xsf,landmark,Text
3rfa-3xsf,school_region,Text
3rfa-3xsf,school_code,Text
3rfa-3xsf,taxi_pick_up_location,Text
3rfa-3xsf,garage_lot_name,Text
3rfa-3xsf,unique_key,Text
3rfa-3xsf,agency_name,Text
3rfa-3xsf,incident_zip,Text
3rfa-3xsf,cross_street_1,Text
3rfa-3xsf,cross_street_2,Text
3rfa-3xsf,intersection_street_1,Text
3rfa-3xsf,city,Text
3rfa-3xsf,facility_type,Text
3rfa-3xsf,community_board,Text
3rfa-3xsf,park_facility_name,Text
3rfa-3xsf,school_name,Text
3rfa-3xsf,school_number,Text
3rfa-3xsf,school_phone_number,Text
3rfa-3xsf,school_state,Text
3rfa-3xsf,school_zip,Text
3rfa-3xsf,vehicle_type,Text
3rfa-3xsf,taxi_company_borough,Text
3rfa-3xsf,bridge_highway_name,Text
3rfa-3xsf,bridge_highway_direction,Text
3rfa-3xsf,bridge_highway_segment,Text
3rfa-3xsf,ferry_terminal_name,Text
jgtb-hmpg,agent_number,Text
jgtb-hmpg,current_status,Text
jgtb-hmpg,model_year,Text
jgtb-hmpg,last_updated_time,Text
jgtb-hmpg,medallion_type,Text
jgtb-hmpg,type,Text
jgtb-hmpg,vehicle_type,Text
jgtb-hmpg,name,Text
jgtb-hmpg,suspension_reason,Text
jgtb-hmpg,dmv_license_plate_number,Text
jgtb-hmpg,license_number,Text
jgtb-hmpg,vehicle_vin_number,Text
ye3c-m4ga,ttl,Text
ye3c-m4ga,calendar_year,Text
ye3c-m4ga,name,Text
ye3c-m4ga,sal_rate,Text
ye3c-m4ga,pc,Text
ye3c-m4ga,address,Text
biws-g3hs,store_and_fwd_flag,Text
bm4k-52h4,vehicle_damage_1,Text
bm4k-52h4,state_registration,Text
bm4k-52h4,vehicle_type,Text
bm4k-52h4,vehicle_make,Text
bm4k-52h4,point_of_impact,Text
bm4k-52h4,vehicle_id,Text
bm4k-52h4,vehicle_model,Text
bm4k-52h4,vehicle_year,Text
bm4k-52h4,travel_direction,Text
bm4k-52h4,driver_license_jurisdiction,Text
bm4k-52h4,vehicle_damage,Text
bm4k-52h4,driver_sex,Text
bm4k-52h4,contributing_factor_2,Text
bm4k-52h4,pre_crash,Text
bm4k-52h4,vehicle_damage_2,Text
bm4k-52h4,driver_license_status,Text
bm4k-52h4,contributing_factor_1,Text
bm4k-52h4,crash_time,Text
bm4k-52h4,public_property_damage_type,Text
bm4k-52h4,vehicle_damage_3,Text
bm4k-52h4,public_property_damage,Text
kxp8-n2sj,store_and_fwd_flag,Text
td5q-ry6d,last_updated_time,Text
td5q-ry6d,license_number,Text
td5q-ry6d,name,Text
td5q-ry6d,completed_both_training,Text
td5q-ry6d,type,Text
p937-wjvj,location_state,Text
p937-wjvj,lot,Text
p937-wjvj,borough,Text
p937-wjvj,census_tract,Text
p937-wjvj,result,Text
p937-wjvj,block,Text
p937-wjvj,council_district,Text
p937-wjvj,location_city,Text
p937-wjvj,job_id,Text
p937-wjvj,street_name,Text
p937-wjvj,nta,Text
p937-wjvj,bin,Text
p937-wjvj,inspection_type,Text
p937-wjvj,location_zip,Text
p937-wjvj,community_board,Text
p937-wjvj,zip_code,Text
p937-wjvj,house_number,Text
p937-wjvj,location_address,Text
pvqr-7yc4,vehicle_make,Text
pvqr-7yc4,double_parking_violation,Text
pvqr-7yc4,sub_division,Text
pvqr-7yc4,vehicle_body_type,Text
pvqr-7yc4,unregistered_vehicle,Text
pvqr-7yc4,registration_state,Text
pvqr-7yc4,to_hours_in_effect,Text
pvqr-7yc4,violation_description,Text
pvqr-7yc4,issuer_squad,Text
pvqr-7yc4,violation_time,Text
pvqr-7yc4,intersecting_street,Text
pvqr-7yc4,from_hours_in_effect,Text
pvqr-7yc4,violation_location,Text
pvqr-7yc4,issuing_agency,Text
pvqr-7yc4,violation_legal_code,Text
pvqr-7yc4,street_name,Text
pvqr-7yc4,no_standing_or_stopping_violation,Text
pvqr-7yc4,vehicle_color,Text
pvqr-7yc4,house_number,Text
pvqr-7yc4,meter_number,Text
pvqr-7yc4,days_parking_in_effect,Text
pvqr-7yc4,issuer_command,Text
pvqr-7yc4,violation_in_front_of_or_opposite,Text
pvqr-7yc4,violation_post_code,Text
pvqr-7yc4,time_first_observed,Text
pvqr-7yc4,plate_type,Text
pvqr-7yc4,plate_id,Text
pvqr-7yc4,violation_county,Text
pvqr-7yc4,hydrant_violation,Text
vwpc-kje2,detailed_description,Text
vwpc-kje2,service_id,Text
vwpc-kje2,web_keywords,Text
vwpc-kje2,service_name,Text
vwpc-kje2,brief_description,Text
vwpc-kje2,url,Text
t29m-gskq,store_and_fwd_flag,Text
76xm-jjuj,initial_call_type,Text
76xm-jjuj,zipcode,Text
76xm-jjuj,cad_incident_id,Text
76xm-jjuj,incident_disposition_code,Text
76xm-jjuj,reopen_indicator,Text
76xm-jjuj,special_event_indicator,Text
76xm-jjuj,standby_indicator,Text
76xm-jjuj,incident_dispatch_area,Text
76xm-jjuj,transfer_indicator,Text
76xm-jjuj,initial_severity_level_code,Text
76xm-jjuj,final_call_type,Text
76xm-jjuj,valid_incident_rspns_time_indc,Text
76xm-jjuj,held_indicator,Text
76xm-jjuj,final_severity_level_code,Text
76xm-jjuj,valid_dispatch_rspns_time_indc,Text
76xm-jjuj,borough,Text
a9md-ynri,sel_cert_description,Text
a9md-ynri,last_name,Text
a9md-ynri,list_title_desc,Text
a9md-ynri,list_title_code,Text
a9md-ynri,exam_no,Text
a9md-ynri,first_name,Text
a9md-ynri,list_agency_code,Text
a9md-ynri,list_agency_desc,Text
a9md-ynri,mi,Text
a9md-ynri,provisional_replacement,Text
3h2n-5cm9,violation_category,Text
3h2n-5cm9,boro,Text
3h2n-5cm9,number,Text
3h2n-5cm9,violation_type_code,Text
3h2n-5cm9,house_number,Text
3h2n-5cm9,street,Text
3h2n-5cm9,violation_type,Text
3h2n-5cm9,disposition_comments,Text
3h2n-5cm9,description,Text
3h2n-5cm9,ecb_number,Text
3h2n-5cm9,issue_date,Text
3h2n-5cm9,device_number,Text
3h2n-5cm9,disposition_date,Text
3h2n-5cm9,violation_number,Text
3h2n-5cm9,isn_dob_bis_viol,Text
3h2n-5cm9,bin,Text
3h2n-5cm9,block,Text
3h2n-5cm9,lot,Text
wewp-mm3p,unique_id,Text
wewp-mm3p,time,Text
wewp-mm3p,agency_name,Text
wewp-mm3p,call_resolution,Text
wewp-mm3p,agency,Text
wewp-mm3p,brief_description,Text
wewp-mm3p,inquiry_name,Text
8h9b-rp9u,x_coord_cd,Text
8h9b-rp9u,age_group,Text
8h9b-rp9u,law_code,Text
8h9b-rp9u,ofns_desc,Text
8h9b-rp9u,perp_sex,Text
8h9b-rp9u,pd_desc,Text
8h9b-rp9u,arrest_key,Text
8h9b-rp9u,y_coord_cd,Text
8h9b-rp9u,perp_race,Text
8h9b-rp9u,law_cat_cd,Text
8h9b-rp9u,arrest_boro,Text
6bgk-3dad,section_law_description4,Text
6bgk-3dad,block,Text
6bgk-3dad,respondent_street,Text
6bgk-3dad,respondent_house_number,Text
6bgk-3dad,section_law_description8,Text
6bgk-3dad,infraction_code3,Text
6bgk-3dad,respondent_zip,Text
6bgk-3dad,section_law_description3,Text
6bgk-3dad,ecb_violation_status,Text
6bgk-3dad,infraction_code4,Text
6bgk-3dad,section_law_description6,Text
6bgk-3dad,lot,Text
6bgk-3dad,isn_dob_bis_extract,Text
6bgk-3dad,respondent_city,Text
6bgk-3dad,infraction_code7,Text
6bgk-3dad,ecb_violation_number,Text
6bgk-3dad,hearing_date,Text
6bgk-3dad,hearing_time,Text
6bgk-3dad,bin,Text
6bgk-3dad,served_date,Text
6bgk-3dad,hearing_status,Text
6bgk-3dad,boro,Text
6bgk-3dad,infraction_code6,Text
6bgk-3dad,infraction_code5,Text
6bgk-3dad,section_law_description5,Text
6bgk-3dad,certification_status,Text
6bgk-3dad,aggravated_level,Text
6bgk-3dad,section_law_description10,Text
6bgk-3dad,infraction_code10,Text
6bgk-3dad,section_law_description9,Text
6bgk-3dad,infraction_code9,Text
6bgk-3dad,issue_date,Text
6bgk-3dad,section_law_description1,Text
6bgk-3dad,dob_violation_number,Text
6bgk-3dad,section_law_description7,Text
6bgk-3dad,infraction_code2,Text
6bgk-3dad,section_law_description2,Text
6bgk-3dad,infraction_code1,Text
6bgk-3dad,infraction_code8,Text
6bgk-3dad,severity,Text
6bgk-3dad,violation_type,Text
6bgk-3dad,violation_description,Text
6bgk-3dad,respondent_name,Text
wvxf-dwi5,class,Text
wvxf-dwi5,novtype,Text
wvxf-dwi5,rentimpairing,Text
wvxf-dwi5,boro,Text
wvxf-dwi5,lowhousenumber,Text
wvxf-dwi5,streetname,Text
wvxf-dwi5,violationstatus,Text
wvxf-dwi5,story,Text
wvxf-dwi5,housenumber,Text
wvxf-dwi5,novdescription,Text
wvxf-dwi5,apartment,Text
wvxf-dwi5,councildistrict,Text
wvxf-dwi5,nta,Text
wvxf-dwi5,highhousenumber,Text
wvxf-dwi5,ordernumber,Text
wvxf-dwi5,longitude,Text
wvxf-dwi5,bin,Text
wvxf-dwi5,censustract,Text
wvxf-dwi5,streetcode,Text
wvxf-dwi5,currentstatus,Text
wvxf-dwi5,zip,Text
wvxf-dwi5,latitude,Text
wvxf-dwi5,communityboard,Text
wvxf-dwi5,bbl,Text
jz4z-kudi,charge_3_code_section,Text
jz4z-kudi,violation_location_street_name,Text
jz4z-kudi,charge_4_code_description,Text
jz4z-kudi,charge_6_code_section,Text
jz4z-kudi,violation_location_house,Text
jz4z-kudi,charge_7_code_section,Text
jz4z-kudi,charge_1_code,Text
jz4z-kudi,respondent_address_zip_code,Text
jz4z-kudi,respondent_address_street_name,Text
jz4z-kudi,hearing_time,Text
jz4z-kudi,respondent_address_borough,Text
jz4z-kudi,charge_9_code_description,Text
jz4z-kudi,charge_8_code_description,Text
jz4z-kudi,violation_location_lot_no,Text
jz4z-kudi,violation_location_floor,Text
jz4z-kudi,violation_description,Text
jz4z-kudi,hearing_status,Text
jz4z-kudi,hearing_result,Text
jz4z-kudi,charge_4_code,Text
jz4z-kudi,charge_8_code,Text
jz4z-kudi,charge_8_code_section,Text
jz4z-kudi,charge_7_code_description,Text
jz4z-kudi,violation_location_borough,Text
jz4z-kudi,compliance_status,Text
jz4z-kudi,charge_10_code_description,Text
jz4z-kudi,charge_5_code,Text
jz4z-kudi,charge_7_code,Text
jz4z-kudi,violation_time,Text
jz4z-kudi,respondent_first_name,Text
jz4z-kudi,respondent_last_name,Text
jz4z-kudi,respondent_address_house,Text
jz4z-kudi,charge_3_code_description,Text
jz4z-kudi,violation_location_city,Text
jz4z-kudi,decision_location_borough,Text
jz4z-kudi,charge_1_code_description,Text
jz4z-kudi,charge_2_code,Text
jz4z-kudi,charge_6_code_description,Text
jz4z-kudi,ticket_number,Text
jz4z-kudi,charge_3_code,Text
jz4z-kudi,respondent_address_or_facility_number_for_fdny_and_dob_tickets,Text
jz4z-kudi,charge_2_code_section,Text
jz4z-kudi,charge_2_code_description,Text
jz4z-kudi,scheduled_hearing_location,Text
jz4z-kudi,charge_1_code_section,Text
jz4z-kudi,charge_5_code_section,Text
jz4z-kudi,charge_9_code,Text
jz4z-kudi,charge_9_code_section,Text
jz4z-kudi,charge_10_code,Text
jz4z-kudi,respondent_address_city,Text
jz4z-kudi,respondent_address_state_name,Text
jz4z-kudi,issuing_agency,Text
jz4z-kudi,violation_location_block_no,Text
jz4z-kudi,charge_10_code_section,Text
jz4z-kudi,charge_4_code_section,Text
jz4z-kudi,charge_5_code_description,Text
jz4z-kudi,charge_6_code,Text
jz4z-kudi,violation_location_zip_code,Text
jz4z-kudi,violation_location_state_name,Text
jz4z-kudi,violation_details,Text
qgea-i56i,law_cat_cd,Text
qgea-i56i,parks_nm,Text
qgea-i56i,susp_race,Text
qgea-i56i,juris_desc,Text
qgea-i56i,crm_atpt_cptd_cd,Text
qgea-i56i,loc_of_occur_desc,Text
qgea-i56i,susp_sex,Text
qgea-i56i,cmplnt_num,Text
qgea-i56i,cmplnt_fr_tm,Text
qgea-i56i,lat_lon_zip,Text
qgea-i56i,housing_psa,Text
qgea-i56i,ofns_desc,Text
qgea-i56i,patrol_boro,Text
qgea-i56i,station_name,Text
qgea-i56i,boro_nm,Text
qgea-i56i,pd_desc,Text
qgea-i56i,vic_age_group,Text
qgea-i56i,vic_sex,Text
qgea-i56i,lat_lon_state,Text
qgea-i56i,vic_race,Text
qgea-i56i,lat_lon_address,Text
qgea-i56i,prem_typ_desc,Text
qgea-i56i,lat_lon_city,Text
qgea-i56i,susp_age_group,Text
qgea-i56i,hadevelopt,Text
qgea-i56i,cmplnt_to_tm,Text
k397-673e,work_location_borough,Text
k397-673e,agency_name,Text
k397-673e,leave_status_as_of_june_30,Text
k397-673e,title_description,Text
k397-673e,last_name,Text
k397-673e,first_name,Text
k397-673e,mid_init,Text
k397-673e,pay_basis,Text
nc67-uf89,license_type,Text
nc67-uf89,violation_status,Text
nc67-uf89,issuing_agency,Text
nc67-uf89,county,Text
nc67-uf89,precinct,Text
nc67-uf89,judgment_entry_date,Text
nc67-uf89,violation,Text
nc67-uf89,violation_time,Text
nc67-uf89,issue_date,Text
nc67-uf89,state,Text
nc67-uf89,plate,Text
eabe-havv,zip_code,Text
eabe-havv,disposition_code,Text
eabe-havv,complaint_category,Text
eabe-havv,dobrundate,Text
eabe-havv,special_district,Text
eabe-havv,bin,Text
eabe-havv,house_street,Text
eabe-havv,status,Text
eabe-havv,disposition_date,Text
eabe-havv,complaint_number,Text
eabe-havv,unit,Text
eabe-havv,house_number,Text
eabe-havv,community_board,Text
eabe-havv,date_entered,Text
eabe-havv,inspection_date,Text
ic3t-wcy2,applicant_professional_title,Text
ic3t-wcy2,community___board,Text
ic3t-wcy2,street_name,Text
ic3t-wcy2,fully_paid,Text
ic3t-wcy2,vertical_enlrgmt,Text
ic3t-wcy2,dobrundate,Text
ic3t-wcy2,sprinkler,Text
ic3t-wcy2,signoff_date,Text
ic3t-wcy2,plumbing,Text
ic3t-wcy2,curb_cut,Text
ic3t-wcy2,special_action_date,Text
ic3t-wcy2,assigned,Text
ic3t-wcy2,owner_s_business_name,Text
ic3t-wcy2,zoning_dist2,Text
ic3t-wcy2,adult_estab,Text
ic3t-wcy2,block,Text
ic3t-wcy2,horizontal_enlrgmt,Text
ic3t-wcy2,non_profit,Text
ic3t-wcy2,landmarked,Text
ic3t-wcy2,job_type,Text
ic3t-wcy2,standpipe,Text
ic3t-wcy2,fuel_burning,Text
ic3t-wcy2,little_e,Text
ic3t-wcy2,borough,Text
ic3t-wcy2,fuel_storage,Text
ic3t-wcy2,gis_longitude,Text
ic3t-wcy2,job__,Text
ic3t-wcy2,owner_type,Text
ic3t-wcy2,cluster,Text
ic3t-wcy2,applicant_s_last_name,Text
ic3t-wcy2,pc_filed,Text
ic3t-wcy2,loft_board,Text
ic3t-wcy2,pre__filing_date,Text
ic3t-wcy2,initial_cost,Text
ic3t-wcy2,zoning_dist1,Text
ic3t-wcy2,fully_permitted,Text
ic3t-wcy2,owner_s_house_number,Text
ic3t-wcy2,gis_census_tract,Text
ic3t-wcy2,gis_nta_name,Text
ic3t-wcy2,zoning_dist3,Text
ic3t-wcy2,gis_bin,Text
ic3t-wcy2,city_,Text
ic3t-wcy2,proposed_occupancy,Text
ic3t-wcy2,job_status_descrp,Text
ic3t-wcy2,other_description,Text
ic3t-wcy2,other,Text
ic3t-wcy2,boiler,Text
ic3t-wcy2,equipment,Text
ic3t-wcy2,owner_sphone__,Text
ic3t-wcy2,total_est__fee,Text
ic3t-wcy2,special_district_1,Text
ic3t-wcy2,state,Text
ic3t-wcy2,fee_status,Text
ic3t-wcy2,efiling_filed,Text
ic3t-wcy2,job_status,Text
ic3t-wcy2,lot,Text
ic3t-wcy2,special_district_2,Text
ic3t-wcy2,house__,Text
ic3t-wcy2,doc__,Text
ic3t-wcy2,mechanical,Text
ic3t-wcy2,applicant_license__,Text
ic3t-wcy2,job_description,Text
ic3t-wcy2,job_no_good_count,Text
ic3t-wcy2,city_owned,Text
ic3t-wcy2,total_construction_floor_area,Text
ic3t-wcy2,gis_latitude,Text
ic3t-wcy2,applicant_s_first_name,Text
ic3t-wcy2,owner_s_last_name,Text
ic3t-wcy2,site_fill,Text
ic3t-wcy2,gis_council_district,Text
ic3t-wcy2,proposed_dwelling_units,Text
ic3t-wcy2,owner_shouse_street_name,Text
ic3t-wcy2,owner_s_first_name,Text
ic3t-wcy2,building_type,Text
ic3t-wcy2,fire_alarm,Text
ic3t-wcy2,existing_dwelling_units,Text
ic3t-wcy2,existing_occupancy,Text
ic3t-wcy2,professional_cert,Text
ic3t-wcy2,zip,Text
ic3t-wcy2,special_action_status,Text
ic3t-wcy2,latest_action_date,Text
ic3t-wcy2,bin__,Text
ic3t-wcy2,building_class,Text
ic3t-wcy2,paid,Text
ic3t-wcy2,job_s1_no,Text
ic3t-wcy2,approved,Text
ic3t-wcy2,withdrawal_flag,Text
ic3t-wcy2,fire_suppression,Text
ipu4-2q9a,superintendent_business_name,Text
ipu4-2q9a,non_profit,Text
ipu4-2q9a,owner_s_first_name,Text
ipu4-2q9a,work_type,Text
ipu4-2q9a,residential,Text
ipu4-2q9a,permittee_s_phone__,Text
ipu4-2q9a,job_start_date,Text
ipu4-2q9a,job_doc___,Text
ipu4-2q9a,filing_date,Text
ipu4-2q9a,site_safety_mgr_s_last_name,Text
ipu4-2q9a,owner_s_business_type,Text
ipu4-2q9a,permit_subtype,Text
ipu4-2q9a,owner_s_house_street_name,Text
ipu4-2q9a,street_name,Text
ipu4-2q9a,issuance_date,Text
ipu4-2q9a,gis_longitude,Text
ipu4-2q9a,permittee_s_first_name,Text
ipu4-2q9a,owner_s_zip_code,Text
ipu4-2q9a,community_board,Text
ipu4-2q9a,hic_license,Text
ipu4-2q9a,job_type,Text
ipu4-2q9a,self_cert,Text
ipu4-2q9a,special_district_1,Text
ipu4-2q9a,permit_status,Text
ipu4-2q9a,expiration_date,Text
ipu4-2q9a,permittee_s_last_name,Text
ipu4-2q9a,permit_sequence__,Text
ipu4-2q9a,permittee_s_business_name,Text
ipu4-2q9a,permittee_s_license_type,Text
ipu4-2q9a,permittee_s_license__,Text
ipu4-2q9a,permittee_s_other_title,Text
ipu4-2q9a,site_safety_mgr_business_name,Text
ipu4-2q9a,superintendent_first___last_name,Text
ipu4-2q9a,owner_s_business_name,Text
ipu4-2q9a,owner_s_last_name,Text
ipu4-2q9a,owner_s_house__,Text
ipu4-2q9a,city,Text
ipu4-2q9a,state,Text
ipu4-2q9a,special_district_2,Text
ipu4-2q9a,owner_s_phone__,Text
ipu4-2q9a,dobrundate,Text
ipu4-2q9a,zip_code,Text
ipu4-2q9a,gis_latitude,Text
ipu4-2q9a,gis_council_district,Text
ipu4-2q9a,gis_nta_name,Text
ipu4-2q9a,lot,Text
ipu4-2q9a,job__,Text
ipu4-2q9a,bin__,Text
ipu4-2q9a,site_safety_mgr_s_first_name,Text
ipu4-2q9a,block,Text
ipu4-2q9a,gis_census_tract,Text
ipu4-2q9a,permit_si_no,Text
ipu4-2q9a,borough,Text
ipu4-2q9a,site_fill,Text
ipu4-2q9a,permit_type,Text
ipu4-2q9a,bldg_type,Text
ipu4-2q9a,house__,Text
ipu4-2q9a,act_as_superintendent,Text
ipu4-2q9a,oil_gas,Text
ipu4-2q9a,filing_status,Text
rhe8-mgbb,agent_telephone_number,Text
rhe8-mgbb,agent_address,Text
rhe8-mgbb,current_status,Text
rhe8-mgbb,name,Text
rhe8-mgbb,agent_website_address,Text
rhe8-mgbb,license_number,Text
rhe8-mgbb,dmv_license_plate_number,Text
rhe8-mgbb,agent_number,Text
rhe8-mgbb,last_updated_time,Text
rhe8-mgbb,type,Text
rhe8-mgbb,vehicle_type,Text
rhe8-mgbb,medallion_type,Text
rhe8-mgbb,vehicle_vin_number,Text
rhe8-mgbb,model_year,Text
rhe8-mgbb,agent_name,Text
h9gi-nx95,off_street_name,Text
h9gi-nx95,vehicle_type_code_4,Text
h9gi-nx95,contributing_factor_vehicle_3,Text
h9gi-nx95,on_street_name,Text
h9gi-nx95,contributing_factor_vehicle_4,Text
h9gi-nx95,contributing_factor_vehicle_5,Text
h9gi-nx95,contributing_factor_vehicle_1,Text
h9gi-nx95,zip_code,Text
h9gi-nx95,vehicle_type_code1,Text
h9gi-nx95,vehicle_type_code_3,Text
h9gi-nx95,vehicle_type_code_5,Text
h9gi-nx95,location_address,Text
h9gi-nx95,cross_street_name,Text
h9gi-nx95,borough,Text
h9gi-nx95,contributing_factor_vehicle_2,Text
h9gi-nx95,location_zip,Text
h9gi-nx95,location_state,Text
h9gi-nx95,location_city,Text
h9gi-nx95,vehicle_type_code2,Text
h9gi-nx95,crash_time,Text
erm2-nwe9,bridge_highway_direction,Text
erm2-nwe9,city,Text
erm2-nwe9,intersection_street_2,Text
erm2-nwe9,cross_street_2,Text
erm2-nwe9,incident_address,Text
erm2-nwe9,location_type,Text
erm2-nwe9,bridge_highway_segment,Text
erm2-nwe9,agency_name,Text
erm2-nwe9,agency,Text
erm2-nwe9,status,Text
erm2-nwe9,unique_key,Text
erm2-nwe9,intersection_street_1,Text
erm2-nwe9,borough,Text
erm2-nwe9,cross_street_1,Text
erm2-nwe9,incident_zip,Text
erm2-nwe9,road_ramp,Text
erm2-nwe9,street_name,Text
erm2-nwe9,park_facility_name,Text
erm2-nwe9,park_borough,Text
erm2-nwe9,taxi_pick_up_location,Text
erm2-nwe9,bbl,Text
erm2-nwe9,descriptor,Text
erm2-nwe9,complaint_type,Text
erm2-nwe9,resolution_description,Text
erm2-nwe9,landmark,Text
erm2-nwe9,community_board,Text
erm2-nwe9,taxi_company_borough,Text
erm2-nwe9,bridge_highway_name,Text
erm2-nwe9,location_city,Text
erm2-nwe9,location_address,Text
erm2-nwe9,facility_type,Text
erm2-nwe9,open_data_channel_type,Text
erm2-nwe9,address_type,Text
erm2-nwe9,location_zip,Text
erm2-nwe9,location_state,Text
erm2-nwe9,vehicle_type,Text
